per_sies;id_carr_gen;area_carr;tipo_inst;nom_carr_gen;coho_mat;tasa_ret_1er_anio;tasa_ret_2do_anio;tasa_ret_1er_anio2;tasa_ret_2do_anio3
7;0.0;0;1;40;1.0;0.6244897959183675;0.4518905526534329;0,624489796;0,451890553
7;0.010416666666666668;1;1;45;1.0;0.5104427736006685;0.4518905526534329;0,510442774;0,451890553
7;0.015625;6;1;47;1.0;0.6755943913838651;0.4518905526534329;0,675594391;0,451890553
7;0.020833333333333332;6;1;46;1.0;0.6715732153492726;0.4518905526534329;0,671573215;0,451890553
7;0.026041666666666668;8;1;48;1.0;0.6969765089355962;0.4518905526534329;0,696976509;0,451890553
7;0.031249999999999997;1;1;52;1.0;0.648754914809961;0.4518905526534329;0,648754915;0,451890553
7;0.03645833333333333;0;1;55;1.0;0.5090673575129534;0.4518905526534329;0,509067358;0,451890553
7;0.041666666666666664;0;1;56;1.0;0.7189504373177844;0.4518905526534329;0,718950437;0,451890553
7;0.05208333333333333;0;1;58;1.0;0.6602316602316605;0.4518905526534329;0,66023166;0,451890553
7;0.06770833333333333;4;1;54;1.0;0.4774241302738711;0.4518905526534329;0,47742413;0,451890553
7;0.08854166666666667;0;1;63;1.0;0.4990215264187867;0.4518905526534329;0,499021526;0,451890553
7;0.09375;9;1;64;1.0;0.4836706977947358;0.4518905526534329;0,483670698;0,451890553
7;0.109375;9;1;66;1.0;0.27660785429709733;0.4518905526534329;0,276607854;0,451890553
7;0.11458333333333333;0;1;68;1.0;0.606667641468051;0.4518905526534329;0,606667641;0,451890553
7;0.12499999999999999;6;1;70;1.0;0.6239180497101566;0.4518905526534329;0,62391805;0,451890553
7;0.14583333333333331;9;1;73;1.0;0.45143946096780785;0.4518905526534329;0,451439461;0,451890553
7;0.15624999999999997;9;1;75;1.0;0.675;0.4518905526534329;0,675;0,451890553
7;0.16666666666666666;8;1;76;1.0;0.6652452025586355;0.4518905526534329;0,665245203;0,451890553
7;0.17187499999999997;8;1;77;1.0;0.34474988733663836;0.4518905526534329;0,344749887;0,451890553
7;0.18229166666666666;0;1;79;1.0;0.6345315184353113;0.4518905526534329;0,634531518;0,451890553
7;0.18749999999999997;3;1;81;1.0;0.4285714285714286;0.4518905526534329;0,428571429;0,451890553
7;0.19791666666666666;9;1;83;1.0;0.38223938223938236;0.4518905526534329;0,382239382;0,451890553
7;0.20312499999999997;8;1;84;1.0;0.7946428571428574;0.4518905526534329;0,794642857;0,451890553
7;0.20833333333333331;0;1;85;1.0;0.45130871596016564;0.4518905526534329;0,451308716;0,451890553
7;0.21354166666666666;9;1;86;1.0;0.5891800507185123;0.4518905526534329;0,589180051;0,451890553
7;0.22395833333333331;9;1;88;1.0;0.44893551373033036;0.4518905526534329;0,448935514;0,451890553
7;0.22916666666666666;9;1;89;1.0;0.24849939975990387;0.4518905526534329;0,2484994;0,451890553
7;0.23958333333333331;9;1;90;1.0;0.03474903474903468;0.4518905526534329;0,034749035;0,451890553
7;0.24479166666666666;9;1;91;1.0;0.3297358704913378;0.4518905526534329;0,32973587;0,451890553
7;0.2604166666666667;8;1;95;1.0;0.539803707742639;0.4518905526534329;0,539803708;0,451890553
7;0.265625;9;1;96;1.0;0.6650246305418719;0.4518905526534329;0,665024631;0,451890553
7;0.2708333333333333;9;1;97;1.0;0.4285714285714286;0.4518905526534329;0,428571429;0,451890553
7;0.2760416666666667;2;1;98;1.0;0.641972882688151;0.4518905526534329;0,641972883;0,451890553
7;0.28125;3;1;100;1.0;0.5714285714285714;0.4518905526534329;0,571428571;0,451890553
7;0.2864583333333333;8;1;101;1.0;0.6160714285714286;0.4518905526534329;0,616071429;0,451890553
7;0.2916666666666667;9;1;102;1.0;0.47368421052631593;0.4518905526534329;0,473684211;0,451890553
7;0.3020833333333333;4;1;104;1.0;0.4751790265808957;0.4518905526534329;0,475179027;0,451890553
7;0.3072916666666667;9;1;106;1.0;0.4244702665755298;0.4518905526534329;0,424470267;0,451890553
7;0.3177083333333333;9;1;108;1.0;0.37670609645131936;0.4518905526534329;0,376706096;0,451890553
7;0.328125;0;1;110;1.0;0.582879669607659;0.4518905526534329;0,58287967;0,451890553
7;0.3385416666666667;5;1;49;1.0;0.6181876813930989;0.4518905526534329;0,618187681;0,451890553
7;0.34375;8;1;50;1.0;0.8941798941798942;0.4518905526534329;0,894179894;0,451890553
7;0.3489583333333333;1;1;51;1.0;0.767766313035896;0.4518905526534329;0,767766313;0,451890553
7;0.3697916666666667;4;3;1;1.0;0.7468322981366462;0.6504743833237008;0,746832298;0,650474383
7;0.3958333333333333;0;3;5;1.0;0.6396724294813467;0.5455194002363868;0,639672429;0,5455194
7;0.40625;2;3;9;1.0;0.6492220650636493;0.2996022155586253;0,649222065;0,299602216
7;0.4114583333333333;2;3;6;1.0;0.7505168849069606;0.8820985789552562;0,750516885;0,882098579
7;0.4166666666666667;9;3;7;1.0;0.604696673189824;0.7993655913167323;0,604696673;0,799365591
7;0.421875;8;3;10;1.0;0.5350488021295474;0.9277860017155248;0,535048802;0,927786002
7;0.4635416666666667;9;3;16;1.0;0.5714285714285714;0.782036935176091;0,571428571;0,782036935
7;0.5416666666666666;9;3;23;1.0;0.6362297496318114;0.7275901189362557;0,63622975;0,727590119
7;0.5468749999999999;9;3;24;1.0;0.6329903862371395;0.855524773870366;0,632990386;0,855524774
7;0.5572916666666666;9;3;26;1.0;0.4985422740524781;0.6271399680413818;0,498542274;0,627139968
7;0.5677083333333333;9;3;28;1.0;0.5876772168999724;0.37412244125047955;0,587677217;0,374122441
7;0.5729166666666666;0;3;29;1.0;0.9878315891944511;0.9938370242651473;0,987831589;0,993837024
7;0.5989583333333333;9;3;11;1.0;0.5986293762183661;0.37412244125047955;0,598629376;0,374122441
7;0.6041666666666666;8;3;32;1.0;0.732899022801303;0.8667131029590944;0,732899023;0,866713103
7;0.6197916666666666;6;3;37;1.0;0.6073756751722854;0.07846812392635094;0,607375675;0,078468124
7;0.6406249999999999;1;3;45;1.0;0.6230492196878752;0.37412244125047955;0,62304922;0,374122441
7;0.6458333333333333;6;3;47;1.0;0.49656712714037554;0.37412244125047955;0,496567127;0,374122441
7;0.6510416666666666;6;3;46;1.0;0.5081994928148776;0.37412244125047955;0,508199493;0,374122441
7;0.6562499999999999;8;3;48;1.0;0.7038825933494333;0.37412244125047955;0,703882593;0,374122441
7;0.6614583333333333;0;3;55;1.0;0.44741788682231887;0.37412244125047955;0,447417887;0,374122441
7;0.6874999999999999;0;3;53;1.0;0.47368421052631593;0.37412244125047955;0,473684211;0,374122441
7;0.6927083333333333;4;3;54;1.0;0.4371108343711083;0.37412244125047955;0,437110834;0,374122441
7;0.6979166666666666;9;3;59;1.0;0.2795031055900623;0.37412244125047955;0,279503106;0,374122441
7;0.7187499999999999;0;3;63;1.0;0.6188997338065663;0.37412244125047955;0,618899734;0,374122441
7;0.7291666666666666;2;3;65;1.0;0.524218270999387;0.37412244125047955;0,524218271;0,374122441
7;0.7395833333333333;9;3;66;1.0;0.2842214056040424;0.37412244125047955;0,284221406;0,374122441
7;0.7499999999999999;0;3;69;1.0;0.53015873015873;0.37412244125047955;0,53015873;0,374122441
7;0.7604166666666666;2;3;71;1.0;0.6127508854781583;0.37412244125047955;0,612750885;0,374122441
7;0.7708333333333333;2;3;72;1.0;0.4867145983119725;0.37412244125047955;0,486714598;0,374122441
7;0.7760416666666666;9;3;73;1.0;0.4624381728251383;0.37412244125047955;0,462438173;0,374122441
7;0.7812499999999999;9;3;74;1.0;0.552682611506141;0.37412244125047955;0,552682612;0,374122441
7;0.7916666666666666;8;3;76;1.0;0.5548363389677202;0.37412244125047955;0,554836339;0,374122441
7;0.7968749999999999;8;3;77;1.0;0.7342512908777972;0.37412244125047955;0,734251291;0,374122441
7;0.8072916666666666;0;3;79;1.0;0.582077922077922;0.37412244125047955;0,582077922;0,374122441
7;0.8124999999999999;3;3;80;1.0;0.7714285714285716;0.37412244125047955;0,771428571;0,374122441
7;0.8229166666666666;9;3;83;1.0;0.2938365981844242;0.37412244125047955;0,293836598;0,374122441
7;0.8281249999999999;8;3;84;1.0;0.8756525866160418;0.37412244125047955;0,875652587;0,374122441
7;0.8333333333333333;0;3;85;1.0;0.40403032721468457;0.37412244125047955;0,404030327;0,374122441
7;0.8385416666666666;9;3;86;1.0;0.4481632653061225;0.37412244125047955;0,448163265;0,374122441
7;0.8437499999999999;8;3;87;1.0;0.5325936199722607;0.37412244125047955;0,53259362;0,374122441
7;0.8489583333333333;9;3;88;1.0;0.5801959773078906;0.37412244125047955;0,580195977;0,374122441
7;0.8645833333333333;9;3;91;1.0;0.4237366179348452;0.37412244125047955;0,423736618;0,374122441
7;0.8749999999999999;2;3;94;1.0;0.544952227466329;0.37412244125047955;0,544952227;0,374122441
7;0.8802083333333333;8;3;95;1.0;0.7681940700808625;0.37412244125047955;0,76819407;0,374122441
7;0.8854166666666666;9;3;96;1.0;0.38380669775328524;0.37412244125047955;0,383806698;0,374122441
7;0.9218749999999999;8;3;101;1.0;0.8;0.37412244125047955;0,8;0,374122441
7;0.9270833333333333;4;3;103;1.0;0.332263242375602;0.37412244125047955;0,332263242;0,374122441
7;0.9374999999999999;4;3;104;1.0;0.48204958129508335;0.37412244125047955;0,482049581;0,374122441
7;0.9427083333333333;9;3;105;1.0;0.6511444356748224;0.37412244125047955;0,651144436;0,374122441
7;0.9479166666666666;9;3;106;1.0;0.453344343517754;0.37412244125047955;0,453344344;0,374122441
7;0.9583333333333333;9;3;108;1.0;0.5323660714285714;0.37412244125047955;0,532366071;0,374122441
7;0.9739583333333333;0;3;110;1.0;0.5126684636118597;0.37412244125047955;0,512668464;0,374122441
7;0.9791666666666666;5;3;49;1.0;0.21685319289005922;0.37412244125047955;0,216853193;0,374122441
7;0.9843749999999999;8;3;50;1.0;0.747252747252747;0.37412244125047955;0,747252747;0,374122441
7;0.9895833333333333;1;3;51;1.0;0.7837837837837835;0.37412244125047955;0,783783784;0,374122441
7;0.9999999999999999;4;3;43;1.0;0.6295022258195062;0.4487849353291242;0,629502226;0,448784935
6;0.0;0;0;40;0.8571428571428896;0.2241153342070774;0.4518905526534329;0,224115334;0,451890553
6;0.005208333333333333;1;0;45;0.8571428571428896;0.3577129825704515;0.4518905526534329;0,357712983;0,451890553
6;0.010416666666666668;6;0;47;0.8571428571428896;0.6534908700322235;0.4518905526534329;0,65349087;0,451890553
6;0.015625;6;0;46;0.8571428571428896;0.7409311418434583;0.4518905526534329;0,740931142;0,451890553
6;0.020833333333333332;8;0;48;0.8571428571428896;0.6006618863761721;0.4518905526534329;0,600661886;0,451890553
6;0.026041666666666668;1;0;52;0.8571428571428896;0.36566186107470533;0.4518905526534329;0,365661861;0,451890553
6;0.031249999999999997;0;0;55;0.8571428571428896;0.40502177536426687;0.4518905526534329;0,405021775;0,451890553
6;0.03645833333333333;0;0;56;0.8571428571428896;0.5353159851301115;0.4518905526534329;0,535315985;0,451890553
6;0.04687499999999999;0;0;58;0.8571428571428896;0.3857142857142859;0.4518905526534329;0,385714286;0,451890553
6;0.05208333333333333;0;0;53;0.8571428571428896;0.0;0.4518905526534329;0;0,451890553
6;0.057291666666666664;4;0;54;0.8571428571428896;0.4679454820797577;0.4518905526534329;0,467945482;0,451890553
6;0.06770833333333333;0;0;63;0.8571428571428896;0.5361480624638519;0.4518905526534329;0,536148062;0,451890553
6;0.07291666666666667;9;0;64;0.8571428571428896;0.30009674298613365;0.4518905526534329;0,300096743;0,451890553
6;0.078125;9;0;66;0.8571428571428896;0.15657708628005662;0.4518905526534329;0,156577086;0,451890553
6;0.08333333333333333;0;0;68;0.8571428571428896;0.5072286204361676;0.4518905526534329;0,50722862;0,451890553
6;0.08854166666666667;6;0;70;0.8571428571428896;0.5027382256297921;0.4518905526534329;0,502738226;0,451890553
6;0.09375;9;0;73;0.8571428571428896;0.2921194674343288;0.4518905526534329;0,292119467;0,451890553
6;0.10416666666666667;9;0;75;0.8571428571428896;0.2721584984358709;0.4518905526534329;0,272158498;0,451890553
6;0.109375;8;0;76;0.8571428571428896;0.7148470390120687;0.4518905526534329;0,714847039;0,451890553
6;0.11458333333333333;8;0;77;0.8571428571428896;0.3411078717201168;0.4518905526534329;0,341107872;0,451890553
6;0.11979166666666667;0;0;79;0.8571428571428896;0.5535582108491066;0.4518905526534329;0,553558211;0,451890553
6;0.13541666666666666;9;0;83;0.8571428571428896;0.2805194805194806;0.4518905526534329;0,280519481;0,451890553
6;0.14062499999999997;8;0;84;0.8571428571428896;0.795210569777044;0.4518905526534329;0,79521057;0,451890553
6;0.14583333333333331;0;0;85;0.8571428571428896;0.3530565544295521;0.4518905526534329;0,353056554;0,451890553
6;0.15104166666666666;9;0;86;0.8571428571428896;0.4508762612851833;0.4518905526534329;0,450876261;0,451890553
6;0.16145833333333331;9;0;88;0.8571428571428896;0.29435572084882966;0.4518905526534329;0,294355721;0,451890553
6;0.16666666666666666;9;0;89;0.8571428571428896;0.34834623504574247;0.4518905526534329;0,348346235;0,451890553
6;0.17708333333333331;9;0;91;0.8571428571428896;0.42627960275019094;0.4518905526534329;0,426279603;0,451890553
6;0.18749999999999997;8;0;95;0.8571428571428896;0.5070422535211268;0.4518905526534329;0,507042254;0,451890553
6;0.19791666666666666;9;0;97;0.8571428571428896;0.04060150375939853;0.4518905526534329;0,040601504;0,451890553
6;0.20312499999999997;2;0;98;0.8571428571428896;0.5117134246968502;0.4518905526534329;0,511713425;0,451890553
6;0.20833333333333331;3;0;100;0.8571428571428896;0.7536945812807885;0.4518905526534329;0,753694581;0,451890553
6;0.21354166666666666;8;0;101;0.8571428571428896;0.7806122448979591;0.4518905526534329;0,780612245;0,451890553
6;0.21874999999999997;9;0;102;0.8571428571428896;0.39909588866849766;0.4518905526534329;0,399095889;0,451890553
6;0.22395833333333331;4;0;104;0.8571428571428896;0.36169866579889365;0.4518905526534329;0,361698666;0,451890553
6;0.22916666666666666;9;0;106;0.8571428571428896;0.28759398496240585;0.4518905526534329;0,287593985;0,451890553
6;0.23958333333333331;9;0;108;0.8571428571428896;0.2943722943722944;0.4518905526534329;0,294372294;0,451890553
6;0.24999999999999997;0;0;110;0.8571428571428896;0.5346672871102838;0.4518905526534329;0,534667287;0,451890553
6;0.2552083333333333;5;0;49;0.8571428571428896;0.6160181766543595;0.4518905526534329;0,616018177;0,451890553
6;0.2604166666666667;8;0;50;0.8571428571428896;0.7670141017780503;0.4518905526534329;0,767014102;0,451890553
6;0.265625;1;0;51;0.8571428571428896;0.7108944467994913;0.4518905526534329;0,710894447;0,451890553
6;0.2864583333333333;4;2;1;0.8571428571428896;0.7604863221884501;0.687263365752278;0,760486322;0,687263366
6;0.3125;0;2;5;0.8571428571428896;0.5901313171508158;0.003278742517833777;0,590131317;0,003278743
6;0.328125;2;2;6;0.8571428571428896;0.6225108225108227;0.3172760135234558;0,622510823;0,317276014
6;0.3541666666666667;9;2;13;0.8571428571428896;0.6222596964586846;0.07290356020603284;0,622259696;0,07290356
6;0.359375;0;2;14;0.8571428571428896;0.7073652990608008;0.7157780602279473;0,707365299;0,71577806
6;0.3697916666666667;9;2;16;0.8571428571428896;0.6468699839486356;0.36711484288789364;0,646869984;0,367114843
6;0.375;9;2;17;0.8571428571428896;0.6580427446569179;0.8833561914827683;0,658042745;0,883356191
6;0.4114583333333333;9;2;22;0.8571428571428896;0.6490952006294257;0.9856479642058353;0,649095201;0,985647964
6;0.4375;9;2;26;0.8571428571428896;0.523809523809524;0.295366440981784;0,523809524;0,295366441
6;0.4583333333333333;9;2;30;0.8571428571428896;0.5917207792207793;0.42176580505891437;0,591720779;0,421765805
6;0.4635416666666667;9;2;31;0.8571428571428896;0.6642857142857144;0.6842875612191115;0,664285714;0,684287561
6;0.4739583333333333;9;2;11;0.8571428571428896;0.581306990881459;0.4002060473066287;0,581306991;0,400206047
6;0.4791666666666667;8;2;32;0.8571428571428896;0.6228926353149957;0.497315544409366;0,622892635;0,497315544
6;0.49999999999999994;6;2;37;0.8571428571428896;0.642857142857143;0.5876423837300493;0,642857143;0,587642384
6;0.5208333333333333;1;2;45;0.8571428571428896;0.5233309404163677;0.5857585612134777;0,52333094;0,585758561
6;0.5260416666666666;6;2;47;0.8571428571428896;0.5778575603239544;0.5857585612134777;0,57785756;0,585758561
6;0.5312499999999999;6;2;46;0.8571428571428896;0.5230154003233216;0.5857585612134777;0,5230154;0,585758561
6;0.5416666666666666;0;2;55;0.8571428571428896;0.4315536139377927;0.5857585612134777;0,431553614;0,585758561
6;0.5468749999999999;0;2;56;0.8571428571428896;0.5796532962166268;0.5857585612134777;0,579653296;0,585758561
6;0.5520833333333333;9;2;57;0.8571428571428896;0.1153846153846152;0.5857585612134777;0,115384615;0,585758561
6;0.5572916666666666;0;2;58;0.8571428571428896;0.14285714285714302;0.5857585612134777;0,142857143;0,585758561
6;0.5624999999999999;0;2;53;0.8571428571428896;0.4504474643685781;0.5857585612134777;0,450447464;0,585758561
6;0.5677083333333333;4;2;54;0.8571428571428896;0.5836076366030283;0.5857585612134777;0,583607637;0,585758561
6;0.5729166666666666;9;2;59;0.8571428571428896;0.642857142857143;0.5857585612134777;0,642857143;0,585758561
6;0.5885416666666666;0;2;63;0.8571428571428896;0.5087719298245614;0.5857585612134777;0,50877193;0,585758561
6;0.5937499999999999;9;2;64;0.8571428571428896;0.3497180110725928;0.5857585612134777;0,349718011;0,585758561
6;0.5989583333333333;2;2;65;0.8571428571428896;0.6272862086010875;0.5857585612134777;0,627286209;0,585758561
6;0.6041666666666666;9;2;66;0.8571428571428896;0.1858076563958917;0.5857585612134777;0,185807656;0,585758561
6;0.6093749999999999;0;2;68;0.8571428571428896;0.3995508723441008;0.5857585612134777;0,399550872;0,585758561
6;0.6145833333333333;0;2;69;0.8571428571428896;0.4873049862343224;0.5857585612134777;0,487304986;0,585758561
6;0.6197916666666666;6;2;70;0.8571428571428896;0.5240401245243862;0.5857585612134777;0,524040125;0,585758561
6;0.6249999999999999;2;2;71;0.8571428571428896;0.3820598006644518;0.5857585612134777;0,382059801;0,585758561
6;0.6302083333333333;2;2;72;0.8571428571428896;0.3721804511278195;0.5857585612134777;0,372180451;0,585758561
6;0.6354166666666666;9;2;73;0.8571428571428896;0.30594549958711825;0.5857585612134777;0,3059455;0,585758561
6;0.6406249999999999;9;2;74;0.8571428571428896;0.41666666666666674;0.5857585612134777;0,416666667;0,585758561
6;0.6510416666666666;8;2;76;0.8571428571428896;0.5646777642668457;0.7322330506088903;0,564677764;0,732233051
6;0.6562499999999999;8;2;77;0.8571428571428896;0.6897321428571428;0.5857585612134777;0,689732143;0,585758561
6;0.6666666666666666;0;2;79;0.8571428571428896;0.46374575748225855;0.5857585612134777;0,463745757;0,585758561
6;0.6718749999999999;3;2;80;0.8571428571428896;0.5142857142857142;0.5857585612134777;0,514285714;0,585758561
6;0.6822916666666666;8;2;84;0.8571428571428896;0.9503105590062113;0.7754360546331203;0,950310559;0,775436055
6;0.6874999999999999;0;2;85;0.8571428571428896;0.43225734390707027;0.5857585612134777;0,432257344;0,585758561
6;0.6927083333333333;9;2;86;0.8571428571428896;0.39648586707410227;0.5857585612134777;0,396485867;0,585758561
6;0.6979166666666666;8;2;87;0.8571428571428896;0.4066445182724252;0.5857585612134777;0,406644518;0,585758561
6;0.7031249999999999;9;2;88;0.8571428571428896;0.38458315877670723;0.5857585612134777;0,384583159;0,585758561
6;0.7187499999999999;9;2;91;0.8571428571428896;0.39825184375853584;0.5857585612134777;0,398251844;0,585758561
6;0.7239583333333333;8;2;93;0.8571428571428896;0.9999999999999998;0.5857585612134777;1;0,585758561
6;0.7291666666666666;2;2;94;0.8571428571428896;0.5056552741578559;0.5857585612134777;0,505655274;0,585758561
6;0.7343749999999999;8;2;95;0.8571428571428896;0.756734693877551;0.5857585612134777;0,756734694;0,585758561
6;0.7395833333333333;9;2;96;0.8571428571428896;0.3095064935064935;0.5857585612134777;0,309506494;0,585758561
6;0.7499999999999999;8;2;101;0.8571428571428896;0.8167115902964961;0.5857585612134777;0,81671159;0,585758561
6;0.7552083333333333;4;2;103;0.8571428571428896;0.5294117647058825;0.5857585612134777;0,529411765;0,585758561
6;0.7656249999999999;4;2;104;0.8571428571428896;0.4872428908620883;0.5857585612134777;0,487242891;0,585758561
6;0.7708333333333333;9;2;105;0.8571428571428896;0.5317614424410542;0.5857585612134777;0,531761442;0,585758561
6;0.7760416666666666;9;2;106;0.8571428571428896;0.4504474643685781;0.5857585612134777;0,450447464;0,585758561
6;0.7864583333333333;9;2;108;0.8571428571428896;0.2682425488180884;0.5857585612134777;0,268242549;0,585758561
6;0.7916666666666666;7;2;109;0.8571428571428896;0.12148481439820036;0.5857585612134777;0,121484814;0,585758561
6;0.7968749999999999;0;2;110;0.8571428571428896;0.6055523423944476;0.5857585612134777;0,605552342;0,585758561
6;0.8020833333333333;5;2;49;0.8571428571428896;0.3715805471124618;0.5857585612134777;0,371580547;0,585758561
6;0.8072916666666666;8;2;50;0.8571428571428896;0.7153598281417832;0.5857585612134777;0,715359828;0,585758561
6;0.8124999999999999;1;2;51;0.8571428571428896;0.797578692493947;0.5857585612134777;0,797578692;0,585758561
6;0.8229166666666666;4;2;43;0.8571428571428896;0.5909012579700155;0.050636206741208056;0,590901258;0,050636207
5;0.0;0;1;40;0.7142857142857224;0.4128440366972479;0.4518905526534329;0,412844037;0,451890553
5;0.005208333333333333;1;1;45;0.7142857142857224;0.23686397635977463;0.4518905526534329;0,236863976;0,451890553
5;0.010416666666666668;6;1;47;0.7142857142857224;0.6543868153174988;0.4518905526534329;0,654386815;0,451890553
5;0.015625;6;1;46;0.7142857142857224;0.5266863502157622;0.4518905526534329;0,52668635;0,451890553
5;0.020833333333333332;8;1;48;0.7142857142857224;0.6246786632390746;0.4518905526534329;0,624678663;0,451890553
5;0.026041666666666668;1;1;52;0.7142857142857224;0.40766550522648104;0.4518905526534329;0,407665505;0,451890553
5;0.031249999999999997;0;1;55;0.7142857142857224;0.4641522160703746;0.4518905526534329;0,464152216;0,451890553
5;0.03645833333333333;0;1;56;0.7142857142857224;0.6061612805798853;0.4518905526534329;0,606161281;0,451890553
5;0.041666666666666664;9;1;57;0.7142857142857224;0.07563025210084029;0.4518905526534329;0,075630252;0,451890553
5;0.04687499999999999;0;1;58;0.7142857142857224;0.43665768194070065;0.4518905526534329;0,436657682;0,451890553
5;0.05208333333333333;4;1;54;0.7142857142857224;0.16194111232279162;0.4518905526534329;0,161941112;0,451890553
5;0.057291666666666664;0;1;63;0.7142857142857224;0.4911097486204783;0.4518905526534329;0,491109749;0,451890553
5;0.06249999999999999;9;1;64;0.7142857142857224;0.4402959034126597;0.4518905526534329;0,440295903;0,451890553
5;0.06770833333333333;9;1;66;0.7142857142857224;0.12911699333198623;0.4518905526534329;0,129116993;0,451890553
5;0.07291666666666667;0;1;68;0.7142857142857224;0.5497907949790795;0.4518905526534329;0,549790795;0,451890553
5;0.078125;6;1;70;0.7142857142857224;0.23992472949662846;0.4518905526534329;0,239924729;0,451890553
5;0.08333333333333333;9;1;73;0.7142857142857224;0.1736776343190336;0.4518905526534329;0,173677634;0,451890553
5;0.09375;8;1;76;0.7142857142857224;0.6547467201166179;0.4518905526534329;0,65474672;0,451890553
5;0.09895833333333333;8;1;77;0.7142857142857224;0.7273201251303443;0.4518905526534329;0,727320125;0,451890553
5;0.10416666666666667;0;1;79;0.7142857142857224;0.3612565445026179;0.4518905526534329;0,361256545;0,451890553
5;0.109375;9;1;83;0.7142857142857224;0.2694243070362472;0.4518905526534329;0,269424307;0,451890553
5;0.11458333333333333;8;1;84;0.7142857142857224;0.833705357142857;0.4518905526534329;0,833705357;0,451890553
5;0.11979166666666667;0;1;85;0.7142857142857224;0.4362538869581123;0.4518905526534329;0,436253887;0,451890553
5;0.12499999999999999;9;1;86;0.7142857142857224;0.3114010209869542;0.4518905526534329;0,311401021;0,451890553
5;0.13020833333333331;9;1;88;0.7142857142857224;0.052244088914059184;0.4518905526534329;0,052244089;0,451890553
5;0.13541666666666666;9;1;89;0.7142857142857224;0.15382134795227342;0.4518905526534329;0,153821348;0,451890553
5;0.14062499999999997;9;1;91;0.7142857142857224;0.5903420523138834;0.4518905526534329;0,590342052;0,451890553
5;0.14583333333333331;8;1;95;0.7142857142857224;0.7639751552795031;0.4518905526534329;0,763975155;0,451890553
5;0.15104166666666666;9;1;96;0.7142857142857224;0.19047619047619047;0.4518905526534329;0,19047619;0,451890553
5;0.15624999999999997;9;1;97;0.7142857142857224;0.21038961038961035;0.4518905526534329;0,21038961;0,451890553
5;0.16145833333333331;3;1;100;0.7142857142857224;0.5889400921658985;0.4518905526534329;0,588940092;0,451890553
5;0.16666666666666666;8;1;101;0.7142857142857224;0.7142857142857142;0.4518905526534329;0,714285714;0,451890553
5;0.17187499999999997;9;1;102;0.7142857142857224;0.13300492610837433;0.4518905526534329;0,133004926;0,451890553
5;0.17708333333333331;4;1;104;0.7142857142857224;0.4754063301967495;0.4518905526534329;0,47540633;0,451890553
5;0.18229166666666666;9;1;106;0.7142857142857224;0.17454247473367923;0.4518905526534329;0,174542475;0,451890553
5;0.18749999999999997;9;1;108;0.7142857142857224;0.2664558781258981;0.4518905526534329;0,266455878;0,451890553
5;0.19270833333333331;0;1;110;0.7142857142857224;0.23168710639708334;0.4518905526534329;0,231687106;0,451890553
5;0.19791666666666666;5;1;49;0.7142857142857224;0.40816326530612246;0.4518905526534329;0,408163265;0,451890553
5;0.20312499999999997;8;1;50;0.7142857142857224;0.43921916592724064;0.4518905526534329;0,439219166;0,451890553
5;0.20833333333333331;1;1;51;0.7142857142857224;0.5046562314246088;0.4518905526534329;0,504656231;0,451890553
5;0.21874999999999997;0;3;0;0.7142857142857224;0.6392923158172696;0.511646866662467;0,639292316;0,511646867
5;0.22916666666666666;0;3;2;0.7142857142857224;0.7210789210789208;0.7781500885613042;0,721078921;0,778150089
5;0.24479166666666666;0;3;5;0.7142857142857224;0.6687500000000002;0.11250481001186863;0,66875;0,11250481
5;0.265625;9;3;7;0.7142857142857224;0.6460554371002134;0.23151371974878998;0,646055437;0,23151372
5;0.2760416666666667;9;3;13;0.7142857142857224;0.5906022144207399;0.03706411206944615;0,590602214;0,037064112
5;0.296875;9;3;17;0.7142857142857224;0.671983356449376;0.6276485631262965;0,671983356;0,627648563
5;0.3020833333333333;9;3;18;0.7142857142857224;0.6525896414342631;0.914489323570864;0,652589641;0,914489324
5;0.3125;9;3;20;0.7142857142857224;0.4802065404475042;0.8108040702119776;0,48020654;0,81080407
5;0.3229166666666667;0;3;21;0.7142857142857224;0.6962406015037594;0.9888742069628709;0,696240602;0,988874207
5;0.34375;9;3;23;0.7142857142857224;0.7689678742310322;0.8833561914827683;0,768967874;0,883356191
5;0.375;9;3;30;0.7142857142857224;0.6618266978922718;0.8816809691297287;0,661826698;0,881680969
5;0.3958333333333333;8;3;32;0.7142857142857224;0.5387755102040817;0.564277615545878;0,53877551;0,564277616
5;0.4010416666666667;8;3;33;0.7142857142857224;0.463917525773196;0.7275901189362557;0,463917526;0,727590119
5;0.40625;6;3;37;0.7142857142857224;0.618638871857756;0.8382270203287554;0,618638872;0,83822702
5;0.4375;8;3;48;0.7142857142857224;0.6197711128650356;0.8927333910541897;0,619771113;0,892733391
5;0.4427083333333333;0;3;55;0.7142857142857224;0.40504382592649546;0.13279741272257972;0,405043826;0,132797413
5;0.4583333333333333;0;3;58;0.7142857142857224;0.3913043478260869;0.8820169594743863;0,391304348;0,882016959
5;0.4635416666666667;0;3;53;0.7142857142857224;0.5777027027027029;0.8621656440603758;0,577702703;0,862165644
5;0.4791666666666667;0;3;63;0.7142857142857224;0.5380742605412208;0.3311665596672757;0,538074261;0,33116656
5;0.484375;9;3;64;0.7142857142857224;0.2888126590682749;0.3611838613296392;0,288812659;0,361183861
5;0.5104166666666666;6;3;70;0.7142857142857224;0.2603672189879087;0.8917121586790202;0,260367219;0,891712159
5;0.5260416666666666;9;3;73;0.7142857142857224;0.2396103896103896;0.37412244125047955;0,23961039;0,374122441
5;0.5416666666666666;8;3;77;0.7142857142857224;0.6149068322981366;0.7275901189362557;0,614906832;0,727590119
5;0.5468749999999999;2;3;78;0.7142857142857224;0.22040816326530632;0.855524773870366;0,220408163;0,855524774
5;0.5572916666666666;3;3;80;0.7142857142857224;0.2678571428571428;0.6271399680413818;0,267857143;0,627139968
5;0.5677083333333333;8;3;84;0.7142857142857224;0.7555228276877759;0.37412244125047955;0,755522828;0,374122441
5;0.5729166666666666;0;3;85;0.7142857142857224;0.33299999999999996;0.9938370242651473;0,333;0,993837024
5;0.5937499999999999;9;3;91;0.7142857142857224;0.2422828427853554;0.37412244125047955;0,242282843;0,374122441
5;0.5989583333333333;2;3;94;0.7142857142857224;0.30894308943089444;0.37412244125047955;0,308943089;0,374122441
5;0.6041666666666666;8;3;95;0.7142857142857224;0.5766806722689075;0.8667131029590944;0,576680672;0,866713103
5;0.6145833333333333;8;3;101;0.7142857142857224;0.8423645320197044;0.37412244125047955;0,842364532;0,374122441
5;0.6197916666666666;4;3;103;0.7142857142857224;0.35907335907335924;0.07846812392635094;0,359073359;0,078468124
5;0.6302083333333333;9;3;105;0.7142857142857224;0.2382790954219527;0.37412244125047955;0,238279095;0,374122441
5;0.6406249999999999;9;3;108;0.7142857142857224;0.2872841444270018;0.37412244125047955;0,287284144;0,374122441
5;0.6458333333333333;0;3;110;0.7142857142857224;0.49229952203929894;0.37412244125047955;0,492299522;0,374122441
5;0.6510416666666666;5;3;49;0.7142857142857224;0.4426229508196722;0.37412244125047955;0,442622951;0,374122441
5;0.6562499999999999;8;3;50;0.7142857142857224;0.41404358353510906;0.37412244125047955;0,414043584;0,374122441
5;0.6614583333333333;1;3;51;0.7142857142857224;0.8200224971878514;0.37412244125047955;0,820022497;0,374122441
4;0.0;0;0;40;0.5714285714285552;0.6059113300492611;0.4518905526534329;0,60591133;0,451890553
4;0.005208333333333333;1;0;45;0.5714285714285552;0.4022700587084147;0.4518905526534329;0,402270059;0,451890553
4;0.010416666666666668;6;0;47;0.5714285714285552;0.6798623063683304;0.4518905526534329;0,679862306;0,451890553
4;0.015625;6;0;46;0.5714285714285552;0.6798880842659647;0.4518905526534329;0,679888084;0,451890553
4;0.020833333333333332;8;0;48;0.5714285714285552;0.6468875951634572;0.4518905526534329;0,646887595;0,451890553
4;0.026041666666666668;0;0;55;0.5714285714285552;0.45515791377478365;0.4518905526534329;0,455157914;0,451890553
4;0.031249999999999997;0;0;56;0.5714285714285552;0.49714285714285733;0.4518905526534329;0,497142857;0,451890553
4;0.03645833333333333;9;0;57;0.5714285714285552;0.21038961038961035;0.4518905526534329;0,21038961;0,451890553
4;0.041666666666666664;0;0;58;0.5714285714285552;0.2081632653061225;0.4518905526534329;0,208163265;0,451890553
4;0.04687499999999999;0;0;53;0.5714285714285552;0.34749034749034746;0.4518905526534329;0,347490347;0,451890553
4;0.05208333333333333;4;0;54;0.5714285714285552;0.3261324041811846;0.4518905526534329;0,326132404;0,451890553
4;0.057291666666666664;0;0;63;0.5714285714285552;0.23376623376623384;0.4518905526534329;0,233766234;0,451890553
4;0.06249999999999999;9;0;64;0.5714285714285552;0.5513897866839044;0.4518905526534329;0,551389787;0,451890553
4;0.06770833333333333;9;0;66;0.5714285714285552;0.07098278581715922;0.4518905526534329;0,070982786;0,451890553
4;0.07291666666666667;0;0;68;0.5714285714285552;0.5458392101551481;0.4518905526534329;0,54583921;0,451890553
4;0.078125;6;0;70;0.5714285714285552;0.36010669828097197;0.4518905526534329;0,360106698;0,451890553
4;0.08333333333333333;9;0;73;0.5714285714285552;0.3695255474452557;0.4518905526534329;0,369525547;0,451890553
4;0.08854166666666667;9;0;75;0.5714285714285552;0.38252656434474597;0.4518905526534329;0,382526564;0,451890553
4;0.09375;8;0;76;0.5714285714285552;0.5336999616319222;0.4518905526534329;0,533699962;0,451890553
4;0.09895833333333333;8;0;77;0.5714285714285552;0.6734693877551019;0.4518905526534329;0,673469388;0,451890553
4;0.10416666666666667;0;0;79;0.5714285714285552;0.41673127070265714;0.4518905526534329;0,416731271;0,451890553
4;0.109375;9;0;83;0.5714285714285552;0.4709897610921503;0.4518905526534329;0,470989761;0,451890553
4;0.11458333333333333;8;0;84;0.5714285714285552;0.6973365617433416;0.4518905526534329;0,697336562;0,451890553
4;0.11979166666666667;0;0;85;0.5714285714285552;0.4280672268907564;0.4518905526534329;0,428067227;0,451890553
4;0.12499999999999999;9;0;86;0.5714285714285552;0.43499799169902253;0.4518905526534329;0,434997992;0,451890553
4;0.13020833333333331;9;0;88;0.5714285714285552;0.3726179213407219;0.4518905526534329;0,372617921;0,451890553
4;0.13541666666666666;9;0;89;0.5714285714285552;0.30325814536340867;0.4518905526534329;0,303258145;0,451890553
4;0.14062499999999997;9;0;92;0.5714285714285552;0.39827739827739816;0.4518905526534329;0,398277398;0,451890553
4;0.14583333333333331;8;0;95;0.5714285714285552;0.5541871921182266;0.4518905526534329;0,554187192;0,451890553
4;0.15104166666666666;9;0;96;0.5714285714285552;0.1925133689839571;0.4518905526534329;0,192513369;0,451890553
4;0.16145833333333331;2;0;98;0.5714285714285552;0.3107142857142857;0.4518905526534329;0,310714286;0,451890553
4;0.16666666666666666;3;0;100;0.5714285714285552;0.4557823129251699;0.4518905526534329;0,455782313;0,451890553
4;0.17187499999999997;8;0;101;0.5714285714285552;0.8274398868458273;0.4518905526534329;0,827439887;0,451890553
4;0.17708333333333331;9;0;102;0.5714285714285552;0.3161592505854802;0.4518905526534329;0,316159251;0,451890553
4;0.18229166666666666;4;0;104;0.5714285714285552;0.7113729643850126;0.4518905526534329;0,711372964;0,451890553
4;0.18749999999999997;9;0;106;0.5714285714285552;0.15646258503401356;0.4518905526534329;0,156462585;0,451890553
4;0.19270833333333331;8;0;107;0.5714285714285552;0.0889487870619945;0.4518905526534329;0,088948787;0,451890553
4;0.19791666666666666;9;0;108;0.5714285714285552;0.3111203665139526;0.4518905526534329;0,311120367;0,451890553
4;0.20312499999999997;0;0;110;0.5714285714285552;0.44805194805194803;0.4518905526534329;0,448051948;0,451890553
4;0.20833333333333331;5;0;49;0.5714285714285552;0.5217391304347827;0.4518905526534329;0,52173913;0,451890553
4;0.21354166666666666;8;0;50;0.5714285714285552;0.7261904761904765;0.4518905526534329;0,726190476;0,451890553
4;0.21874999999999997;1;0;51;0.5714285714285552;0.37951807228915646;0.4518905526534329;0,379518072;0,451890553
4;0.22395833333333331;0;2;3;0.5714285714285552;0.48338442673206616;0.0;0,483384427;0
4;0.22916666666666666;0;2;0;0.5714285714285552;0.6738336024475229;0.1792457065109243;0,673833602;0,179245707
4;0.2552083333333333;0;2;5;0.5714285714285552;0.6090678655124586;0.929354724934921;0,609067866;0,929354725
4;0.265625;2;2;9;0.5714285714285552;0.5525606469002697;0.4083737098809319;0,552560647;0,40837371
4;0.2760416666666667;9;2;7;0.5714285714285552;0.5758928571428572;0.10819815186757076;0,575892857;0,108198152
4;0.296875;9;2;15;0.5714285714285552;0.5748190231833592;0.5135964824624022;0,574819023;0,513596482
4;0.3177083333333333;0;2;19;0.5714285714285552;0.5573539760731878;0.2763525195479577;0,557353976;0,27635252
4;0.3385416666666667;9;2;22;0.5714285714285552;0.7135197242435849;0.8034304294149077;0,713519724;0,803430429
4;0.3489583333333333;9;2;25;0.5714285714285552;0.5596638655462185;0.6278072966241357;0,559663866;0,627807297
4;0.3697916666666667;9;2;28;0.5714285714285552;0.627906976744186;0.7928236877969699;0,627906977;0,792823688
4;0.3802083333333333;9;2;31;0.5714285714285552;0.6958227555965846;0.6707380512237471;0,695822756;0,670738051
4;0.390625;9;2;11;0.5714285714285552;0.6120000000000001;0.4597144945632614;0,612;0,459714495
4;0.4010416666666667;6;2;37;0.5714285714285552;0.47711629030310343;0.16064771102536746;0,47711629;0,160647711
4;0.4166666666666667;1;2;45;0.5714285714285552;0.35253456221198154;0.5577850807043951;0,352534562;0,557785081
4;0.4375;0;2;55;0.5714285714285552;0.37336858100372616;0.3323339338341871;0,373368581;0,332333934
4;0.4583333333333333;0;2;53;0.5714285714285552;0.5979157620495006;0.42176580505891437;0,597915762;0,421765805
4;0.4739583333333333;9;2;64;0.5714285714285552;0.32002902757619744;0.4002060473066287;0,320029028;0,400206047
4;0.4791666666666667;2;2;65;0.5714285714285552;0.24324324324324342;0.497315544409366;0,243243243;0,497315544
4;0.4895833333333333;0;2;68;0.5714285714285552;0.35594160044354095;0.5857585612134777;0,3559416;0,585758561
4;0.4947916666666667;0;2;69;0.5714285714285552;0.6824034334763949;0.5857585612134777;0,682403433;0,585758561
4;0.49999999999999994;6;2;70;0.5714285714285552;0.3240721542608336;0.5876423837300493;0,324072154;0,587642384
4;0.5104166666666666;2;2;72;0.5714285714285552;0.377196935556557;0.5857585612134777;0,377196936;0,585758561
4;0.5208333333333333;9;2;74;0.5714285714285552;0.36095459065296653;0.5857585612134777;0,360954591;0,585758561
4;0.5260416666666666;8;2;76;0.5714285714285552;0.5358708041031897;0.5857585612134777;0,535870804;0,585758561
4;0.5312499999999999;0;2;79;0.5714285714285552;0.4207403891789274;0.5857585612134777;0,420740389;0,585758561
4;0.5416666666666666;8;2;84;0.5714285714285552;0.8503401360544218;0.5857585612134777;0,850340136;0,585758561
4;0.5468749999999999;0;2;85;0.5714285714285552;0.2981712165385635;0.5857585612134777;0,298171217;0,585758561
4;0.5520833333333333;9;2;86;0.5714285714285552;0.5259740259740262;0.5857585612134777;0,525974026;0,585758561
4;0.5572916666666666;8;2;87;0.5714285714285552;0.37104506232022993;0.5857585612134777;0,371045062;0,585758561
4;0.5624999999999999;9;2;88;0.5714285714285552;0.4276253547776727;0.5857585612134777;0,427625355;0,585758561
4;0.5677083333333333;9;2;92;0.5714285714285552;0.2560356758419191;0.5857585612134777;0,256035676;0,585758561
4;0.5729166666666666;8;2;93;0.5714285714285552;0.4500000000000002;0.5857585612134777;0,45;0,585758561
4;0.5781249999999999;2;2;94;0.5714285714285552;0.4228110599078343;0.5857585612134777;0,42281106;0,585758561
4;0.5833333333333333;8;2;95;0.5714285714285552;0.627906976744186;0.5857585612134777;0,627906977;0,585758561
4;0.5885416666666666;9;2;96;0.5714285714285552;0.21124311793682993;0.5857585612134777;0,211243118;0,585758561
4;0.5937499999999999;8;2;101;0.5714285714285552;0.7513914656771801;0.5857585612134777;0,751391466;0,585758561
4;0.5989583333333333;4;2;103;0.5714285714285552;0.41163184641445505;0.5857585612134777;0,411631846;0,585758561
4;0.6041666666666666;4;2;104;0.5714285714285552;0.5144638321733679;0.5857585612134777;0,514463832;0,585758561
4;0.6093749999999999;9;2;105;0.5714285714285552;0.13556851311953344;0.5857585612134777;0,135568513;0,585758561
4;0.6145833333333333;9;2;106;0.5714285714285552;0.37948287317337526;0.5857585612134777;0,379482873;0,585758561
4;0.6197916666666666;9;2;108;0.5714285714285552;0.281701444622793;0.5857585612134777;0,281701445;0,585758561
4;0.6249999999999999;0;2;110;0.5714285714285552;0.4365347490347491;0.5857585612134777;0,436534749;0,585758561
4;0.6302083333333333;5;2;49;0.5714285714285552;0.27515286270150074;0.5857585612134777;0,275152863;0,585758561
4;0.6354166666666666;8;2;50;0.5714285714285552;0.2571428571428571;0.5857585612134777;0,257142857;0,585758561
4;0.6406249999999999;1;2;51;0.5714285714285552;0.8062953995157385;0.5857585612134777;0,8062954;0,585758561
4;0.6510416666666666;4;2;43;0.5714285714285552;0.5742361684558217;0.7322330506088903;0,574236168;0,732233051
3;0.0;0;0;40;0.4285714285714448;0.5579514824797842;0.4518905526534329;0,557951482;0,451890553
3;0.005208333333333333;8;0;44;0.4285714285714448;0.3799915206394333;0.4518905526534329;0,379991521;0,451890553
3;0.010416666666666668;1;0;45;0.4285714285714448;0.5021395655036209;0.4518905526534329;0,502139566;0,451890553
3;0.015625;6;0;47;0.4285714285714448;0.7445462549320114;0.4518905526534329;0,744546255;0,451890553
3;0.020833333333333332;6;0;46;0.4285714285714448;0.6399936366528796;0.4518905526534329;0,639993637;0,451890553
3;0.026041666666666668;8;0;48;0.4285714285714448;0.6434285714285715;0.4518905526534329;0,643428571;0,451890553
3;0.031249999999999997;0;0;55;0.4285714285714448;0.5319980459208598;0.4518905526534329;0,531998046;0,451890553
3;0.03645833333333333;0;0;56;0.4285714285714448;0.37794348508634235;0.4518905526534329;0,377943485;0,451890553
3;0.041666666666666664;9;0;57;0.4285714285714448;0.11020408163265305;0.4518905526534329;0,110204082;0,451890553
3;0.04687499999999999;0;0;58;0.4285714285714448;0.3970588235294119;0.4518905526534329;0,397058824;0,451890553
3;0.05208333333333333;0;0;53;0.4285714285714448;0.2779922779922781;0.4518905526534329;0,277992278;0,451890553
3;0.057291666666666664;4;0;54;0.4285714285714448;0.4959871589085074;0.4518905526534329;0,495987159;0,451890553
3;0.06249999999999999;0;0;63;0.4285714285714448;0.4344422700587085;0.4518905526534329;0,43444227;0,451890553
3;0.06770833333333333;9;0;64;0.4285714285714448;0.6092507829438689;0.4518905526534329;0,609250783;0,451890553
3;0.07291666666666667;9;0;66;0.4285714285714448;0.23032351521004335;0.4518905526534329;0,230323515;0,451890553
3;0.078125;0;0;68;0.4285714285714448;0.5541095204725199;0.4518905526534329;0,55410952;0,451890553
3;0.08333333333333333;6;0;70;0.4285714285714448;0.4828097213989331;0.4518905526534329;0,482809721;0,451890553
3;0.08854166666666667;9;0;73;0.4285714285714448;0.5003648037355901;0.4518905526534329;0,500364804;0,451890553
3;0.09375;9;0;75;0.4285714285714448;0.2974789915966387;0.4518905526534329;0,297478992;0,451890553
3;0.09895833333333333;8;0;76;0.4285714285714448;0.5708342725987254;0.4518905526534329;0,570834273;0,451890553
3;0.10416666666666667;8;0;77;0.4285714285714448;0.6830357142857144;0.4518905526534329;0,683035714;0,451890553
3;0.109375;0;0;79;0.4285714285714448;0.5199485199485199;0.4518905526534329;0,51994852;0,451890553
3;0.11458333333333333;3;0;81;0.4285714285714448;0.6585365853658538;0.4518905526534329;0,658536585;0,451890553
3;0.11979166666666667;9;0;83;0.4285714285714448;0.5000407930162358;0.4518905526534329;0,500040793;0,451890553
3;0.12499999999999999;8;0;84;0.4285714285714448;0.7274167987321711;0.4518905526534329;0,727416799;0,451890553
3;0.13020833333333331;0;0;85;0.4285714285714448;0.5168316831683168;0.4518905526534329;0,516831683;0,451890553
3;0.13541666666666666;9;0;86;0.4285714285714448;0.5531173548817556;0.4518905526534329;0,553117355;0,451890553
3;0.14062499999999997;9;0;88;0.4285714285714448;0.4844387755102042;0.4518905526534329;0,484438776;0,451890553
3;0.14583333333333331;9;0;89;0.4285714285714448;0.4024390243902438;0.4518905526534329;0,402439024;0,451890553
3;0.15104166666666666;9;0;92;0.4285714285714448;0.4265964450296247;0.4518905526534329;0,426596445;0,451890553
3;0.15624999999999997;8;0;95;0.4285714285714448;0.9196125907990316;0.4518905526534329;0,919612591;0,451890553
3;0.16145833333333331;9;0;96;0.4285714285714448;0.05709910304091026;0.4518905526534329;0,057099103;0,451890553
3;0.16666666666666666;9;0;97;0.4285714285714448;0.2917166866746701;0.4518905526534329;0,291716687;0,451890553
3;0.17187499999999997;2;0;98;0.4285714285714448;0.21735571019238664;0.4518905526534329;0,21735571;0,451890553
3;0.17708333333333331;3;0;100;0.4285714285714448;0.7232142857142858;0.4518905526534329;0,723214286;0,451890553
3;0.18229166666666666;8;0;101;0.4285714285714448;0.8742857142857143;0.4518905526534329;0,874285714;0,451890553
3;0.18749999999999997;9;0;102;0.4285714285714448;0.34140435835351113;0.4518905526534329;0,341404358;0,451890553
3;0.19270833333333331;4;0;104;0.4285714285714448;0.6477396021699819;0.4518905526534329;0,647739602;0,451890553
3;0.19791666666666666;9;0;106;0.4285714285714448;0.41256366723259763;0.4518905526534329;0,412563667;0,451890553
3;0.20312499999999997;8;0;107;0.4285714285714448;0.5753749013417524;0.4518905526534329;0,575374901;0,451890553
3;0.20833333333333331;9;0;108;0.4285714285714448;0.35826296743063923;0.4518905526534329;0,358262967;0,451890553
3;0.21354166666666666;0;0;110;0.4285714285714448;0.6117338421178156;0.4518905526534329;0,611733842;0,451890553
3;0.21874999999999997;5;0;49;0.4285714285714448;0.4186737050478391;0.4518905526534329;0,418673705;0,451890553
3;0.22395833333333331;8;0;50;0.4285714285714448;0.6039867109634551;0.4518905526534329;0,603986711;0,451890553
3;0.22916666666666666;1;0;51;0.4285714285714448;0.47142857142857153;0.4518905526534329;0,471428571;0,451890553
3;0.2552083333333333;2;2;4;0.4285714285714448;0.7565457050987596;0.688789542032147;0,756545705;0,688789542
3;0.265625;0;2;5;0.4285714285714448;0.6703060126095648;0.4940925875804698;0,670306013;0,494092588
3;0.2760416666666667;2;2;9;0.4285714285714448;0.6991441737985518;0.4782934782244439;0,699144174;0,478293478
3;0.3020833333333333;0;2;14;0.4285714285714448;0.7060889929742391;0.7730474733223538;0,706088993;0,773047473
3;0.3072916666666667;9;2;15;0.4285714285714448;0.7007398975526467;0.6032019044175492;0,700739898;0,603201904
3;0.359375;9;2;25;0.4285714285714448;0.6039183673469388;0.6492846603977505;0,603918367;0,64928466
3;0.3697916666666667;9;2;26;0.4285714285714448;0.7413972888425444;0.7762659867350923;0,741397289;0,776265987
3;0.3854166666666667;9;2;30;0.4285714285714448;0.6834838024429104;0.5593701456484617;0,683483802;0,559370146
3;0.4010416666666667;9;2;11;0.4285714285714448;0.7139599283270892;0.8479787659682625;0,713959928;0,847978766
3;0.4375;6;2;37;0.4285714285714448;0.6320445609436436;0.3693014266865884;0,632044561;0,369301427
3;0.4583333333333333;6;2;47;0.4285714285714448;0.6609032936690553;0.42176580505891437;0,660903294;0,421765805
3;0.4739583333333333;0;2;55;0.4285714285714448;0.479130734736116;0.4002060473066287;0,479130735;0,400206047
3;0.4791666666666667;0;2;56;0.4285714285714448;0.663594470046083;0.497315544409366;0,66359447;0,497315544
3;0.4895833333333333;0;2;58;0.4285714285714448;0.3127413127413128;0.5857585612134777;0,312741313;0,585758561
3;0.4947916666666667;0;2;53;0.4285714285714448;0.6328437917222964;0.5857585612134777;0,632843792;0,585758561
3;0.49999999999999994;7;2;61;0.4285714285714448;0.4834646485589882;0.5876423837300493;0,483464649;0,587642384
3;0.5104166666666666;9;2;64;0.4285714285714448;0.4299170217537567;0.5857585612134777;0,429917022;0,585758561
3;0.5208333333333333;9;2;66;0.4285714285714448;0.39565714285714293;0.5857585612134777;0,395657143;0,585758561
3;0.5260416666666666;0;2;68;0.4285714285714448;0.419548872180451;0.5857585612134777;0,419548872;0,585758561
3;0.5312499999999999;0;2;69;0.4285714285714448;0.7953038178885106;0.5857585612134777;0,795303818;0,585758561
3;0.5416666666666666;2;2;71;0.4285714285714448;0.4945054945054945;0.5857585612134777;0,494505495;0,585758561
3;0.5468749999999999;2;2;72;0.4285714285714448;0.3979591836734695;0.5857585612134777;0,397959184;0,585758561
3;0.5520833333333333;9;2;73;0.4285714285714448;0.4816522335057005;0.5857585612134777;0,481652234;0,585758561
3;0.5572916666666666;9;2;74;0.4285714285714448;0.642857142857143;0.5857585612134777;0,642857143;0,585758561
3;0.5624999999999999;8;2;76;0.4285714285714448;0.6008854781582056;0.5857585612134777;0,600885478;0,585758561
3;0.5677083333333333;2;2;78;0.4285714285714448;0.1572456320657758;0.5857585612134777;0,157245632;0,585758561
3;0.5729166666666666;0;2;79;0.4285714285714448;0.5306990881458968;0.5857585612134777;0,530699088;0,585758561
3;0.5781249999999999;9;2;83;0.4285714285714448;0.07512038523274489;0.5857585612134777;0,075120385;0,585758561
3;0.5833333333333333;8;2;84;0.4285714285714448;0.928355632283125;0.5857585612134777;0,928355632;0,585758561
3;0.5885416666666666;0;2;85;0.4285714285714448;0.5670241286863271;0.5857585612134777;0,567024129;0,585758561
3;0.5937499999999999;9;2;86;0.4285714285714448;0.5269883654396339;0.5857585612134777;0,526988365;0,585758561
3;0.5989583333333333;8;2;87;0.4285714285714448;0.35097001763668434;0.5857585612134777;0,350970018;0,585758561
3;0.6041666666666666;9;2;88;0.4285714285714448;0.5321109912736541;0.5857585612134777;0,532110991;0,585758561
3;0.6093749999999999;2;2;94;0.4285714285714448;0.5711554220158428;0.5857585612134777;0,571155422;0,585758561
3;0.6145833333333333;9;2;96;0.4285714285714448;0.2716607601124281;0.5857585612134777;0,27166076;0,585758561
3;0.6197916666666666;8;2;101;0.4285714285714448;0.9763694951664876;0.5857585612134777;0,976369495;0,585758561
3;0.6249999999999999;4;2;103;0.4285714285714448;0.25396825396825395;0.5857585612134777;0,253968254;0,585758561
3;0.6302083333333333;4;2;104;0.4285714285714448;0.5218487394957982;0.5857585612134777;0,521848739;0,585758561
3;0.6354166666666666;9;2;105;0.4285714285714448;0.409553995924836;0.5857585612134777;0,409553996;0,585758561
3;0.6406249999999999;9;2;106;0.4285714285714448;0.5939849624060152;0.5857585612134777;0,593984962;0,585758561
3;0.6562499999999999;0;2;110;0.4285714285714448;0.6330148497755266;0.5857585612134777;0,63301485;0,585758561
3;0.6614583333333333;5;2;49;0.4285714285714448;0.3679245283018868;0.5857585612134777;0,367924528;0,585758561
3;0.6666666666666666;8;2;50;0.4285714285714448;0.5954887218045115;0.5857585612134777;0,595488722;0,585758561
3;0.6718749999999999;1;2;51;0.4285714285714448;0.7775268210050819;0.5857585612134777;0,777526821;0,585758561
3;0.6822916666666666;4;2;43;0.4285714285714448;0.626882855224024;0.7754360546331203;0,626882855;0,775436055
2;0.0;0;1;40;0.2857142857142776;0.3453536754507629;0.4518905526534329;0,345353675;0,451890553
2;0.005208333333333333;8;1;44;0.2857142857142776;0.4821428571428572;0.4518905526534329;0,482142857;0,451890553
2;0.010416666666666668;1;1;45;0.2857142857142776;0.48607254814151357;0.4518905526534329;0,486072548;0,451890553
2;0.015625;6;1;47;0.2857142857142776;0.6663326999481776;0.4518905526534329;0,6663327;0,451890553
2;0.020833333333333332;6;1;46;0.2857142857142776;0.68566465381752;0.4518905526534329;0,685664654;0,451890553
2;0.026041666666666668;8;1;48;0.2857142857142776;0.53770367563471;0.4518905526534329;0,537703676;0,451890553
2;0.031249999999999997;0;1;55;0.2857142857142776;0.5310607371517564;0.4518905526534329;0,531060737;0,451890553
2;0.03645833333333333;0;1;56;0.2857142857142776;0.3982544786403308;0.4518905526534329;0,398254479;0,451890553
2;0.041666666666666664;9;1;57;0.2857142857142776;0.2063492063492065;0.4518905526534329;0,206349206;0,451890553
2;0.04687499999999999;0;1;58;0.2857142857142776;0.332263242375602;0.4518905526534329;0,332263242;0,451890553
2;0.05208333333333333;0;1;53;0.2857142857142776;0.3362637362637362;0.4518905526534329;0,336263736;0,451890553
2;0.057291666666666664;4;1;54;0.2857142857142776;0.509193776520509;0.4518905526534329;0,509193777;0,451890553
2;0.06249999999999999;0;1;63;0.2857142857142776;0.3064579256360078;0.4518905526534329;0,306457926;0,451890553
2;0.06770833333333333;9;1;64;0.2857142857142776;0.5702644270746715;0.4518905526534329;0,570264427;0,451890553
2;0.07291666666666667;9;1;66;0.2857142857142776;0.1742065041557428;0.4518905526534329;0,174206504;0,451890553
2;0.078125;0;1;68;0.2857142857142776;0.5049009384775809;0.4518905526534329;0,504900938;0,451890553
2;0.08333333333333333;6;1;70;0.2857142857142776;0.4412803012473523;0.4518905526534329;0,441280301;0,451890553
2;0.08854166666666667;2;1;71;0.2857142857142776;0.27533949778040245;0.4518905526534329;0,275339498;0,451890553
2;0.09375;9;1;73;0.2857142857142776;0.3924812030075189;0.4518905526534329;0,392481203;0,451890553
2;0.09895833333333333;9;1;75;0.2857142857142776;0.38057142857142856;0.4518905526534329;0,380571429;0,451890553
2;0.10416666666666667;8;1;76;0.2857142857142776;0.4896766653681339;0.4518905526534329;0,489676665;0,451890553
2;0.109375;8;1;77;0.2857142857142776;0.6314454775993239;0.4518905526534329;0,631445478;0,451890553
2;0.11458333333333333;0;1;79;0.2857142857142776;0.46599303135888515;0.4518905526534329;0,465993031;0,451890553
2;0.11979166666666667;3;1;81;0.2857142857142776;0.4876847290640396;0.4518905526534329;0,487684729;0,451890553
2;0.12499999999999999;9;1;83;0.2857142857142776;0.5547420398433511;0.4518905526534329;0,55474204;0,451890553
2;0.13020833333333331;8;1;84;0.2857142857142776;0.7305194805194806;0.4518905526534329;0,730519481;0,451890553
2;0.13541666666666666;0;1;85;0.2857142857142776;0.5411982975008185;0.4518905526534329;0,541198298;0,451890553
2;0.14062499999999997;9;1;86;0.2857142857142776;0.6351735913488903;0.4518905526534329;0,635173591;0,451890553
2;0.14583333333333331;9;1;88;0.2857142857142776;0.5010167768174887;0.4518905526534329;0,501016777;0,451890553
2;0.15104166666666666;9;1;89;0.2857142857142776;0.5519647447668012;0.4518905526534329;0,551964745;0,451890553
2;0.15624999999999997;9;1;92;0.2857142857142776;0.40675324675324687;0.4518905526534329;0,406753247;0,451890553
2;0.16145833333333331;8;1;95;0.2857142857142776;0.7066258138644197;0.4518905526534329;0,706625814;0,451890553
2;0.16666666666666666;9;1;96;0.2857142857142776;0.058572495465699204;0.4518905526534329;0,058572495;0,451890553
2;0.17187499999999997;9;1;97;0.2857142857142776;0.2211981566820278;0.4518905526534329;0,221198157;0,451890553
2;0.17708333333333331;2;1;98;0.2857142857142776;0.34065934065934056;0.4518905526534329;0,340659341;0,451890553
2;0.18229166666666666;3;1;100;0.2857142857142776;0.6083623693379792;0.4518905526534329;0,608362369;0,451890553
2;0.18749999999999997;8;1;101;0.2857142857142776;0.4723032069970845;0.4518905526534329;0,472303207;0,451890553
2;0.19270833333333331;9;1;102;0.2857142857142776;0.31092436974789917;0.4518905526534329;0,31092437;0,451890553
2;0.19791666666666666;4;1;104;0.2857142857142776;0.6363306744017405;0.4518905526534329;0,636330674;0,451890553
2;0.20312499999999997;9;1;106;0.2857142857142776;0.2441229656419528;0.4518905526534329;0,244122966;0,451890553
2;0.20833333333333331;8;1;107;0.2857142857142776;0.5008605851979346;0.4518905526534329;0,500860585;0,451890553
2;0.21354166666666666;9;1;108;0.2857142857142776;0.2334293948126802;0.4518905526534329;0,233429395;0,451890553
2;0.21874999999999997;0;1;110;0.2857142857142776;0.5777644949193066;0.4518905526534329;0,577764495;0,451890553
2;0.22395833333333331;5;1;49;0.2857142857142776;0.3730729701952724;0.4518905526534329;0,37307297;0,451890553
2;0.22916666666666666;8;1;50;0.2857142857142776;0.5732838589981446;0.4518905526534329;0,573283859;0,451890553
2;0.23437499999999997;1;1;51;0.2857142857142776;0.5131578947368423;0.4518905526534329;0,513157895;0,451890553
2;0.24999999999999997;0;3;0;0.2857142857142776;0.7129945587014666;0.9195936040877477;0,712994559;0,919593604
2;0.2760416666666667;0;3;5;0.2857142857142776;0.5862516978680681;0.19809596651151473;0,586251698;0,198095967
2;0.2864583333333333;2;3;9;0.2857142857142776;0.6460554371002134;0.5140501279440137;0,646055437;0,514050128
2;0.2916666666666667;2;3;6;0.2857142857142776;0.6498257839721255;0.5183970359993992;0,649825784;0,518397036
2;0.296875;9;3;7;0.2857142857142776;0.6923076923076925;0.9140501922516258;0,692307692;0,914050192
2;0.3125;0;3;14;0.2857142857142776;0.6217303822937628;0.753307365655596;0,621730382;0,753307366
2;0.3177083333333333;9;3;15;0.2857142857142776;0.59443413729128;0.06564571704393884;0,594434137;0,065645717
2;0.3697916666666667;9;3;25;0.2857142857142776;0.5594554699032313;0.29925565218415606;0,55945547;0,299255652
2;0.3802083333333333;9;3;26;0.2857142857142776;0.4537815126050422;1.0;0,453781513;1
2;0.390625;9;3;28;0.2857142857142776;0.5714285714285714;0.7231796732428428;0,571428571;0,723179673
2;0.3958333333333333;9;3;30;0.2857142857142776;0.6402544823597454;0.38506921548813544;0,640254482;0,385069215
2;0.4010416666666667;9;3;31;0.2857142857142776;0.570626003210273;0.5901621136322621;0,570626003;0,590162114
2;0.4166666666666667;8;3;32;0.2857142857142776;0.7005988023952097;0.10579650572837984;0,700598802;0,105796506
2;0.4375;6;3;36;0.2857142857142776;0.6488740830629187;0.8927333910541897;0,648874083;0,892733391
2;0.4427083333333333;6;3;35;0.2857142857142776;0.5150315148129176;0.13279741272257972;0,515031515;0,132797413
2;0.4791666666666667;6;3;46;0.2857142857142776;0.5049062732625027;0.3311665596672757;0,504906273;0,33116656
2;0.484375;8;3;48;0.2857142857142776;0.7723137447750188;0.3611838613296392;0,772313745;0,361183861
2;0.5104166666666666;0;3;53;0.2857142857142776;0.6201486374896781;0.8917121586790202;0,620148637;0,891712159
2;0.5260416666666666;9;3;64;0.2857142857142776;0.3767776059078889;0.37412244125047955;0,376777606;0,374122441
2;0.5416666666666666;0;3;68;0.2857142857142776;0.40135239236497466;0.7275901189362557;0,401352392;0,727590119
2;0.5468749999999999;0;3;69;0.2857142857142776;0.7639751552795031;0.855524773870366;0,763975155;0,855524774
2;0.5572916666666666;2;3;71;0.2857142857142776;0.45072697899838454;0.6271399680413818;0,450726979;0,627139968
2;0.5677083333333333;9;3;73;0.2857142857142776;0.5614472863381159;0.37412244125047955;0,561447286;0,374122441
2;0.5729166666666666;9;3;74;0.2857142857142776;0.5450594030715736;0.9938370242651473;0,545059403;0,993837024
2;0.5937499999999999;9;3;83;0.2857142857142776;0.22390356501667097;0.37412244125047955;0,223903565;0,374122441
2;0.5989583333333333;8;3;84;0.2857142857142776;0.7758620689655171;0.37412244125047955;0,775862069;0,374122441
2;0.6041666666666666;0;3;85;0.2857142857142776;0.36077078624955394;0.8667131029590944;0,360770786;0,866713103
2;0.6145833333333333;8;3;87;0.2857142857142776;0.5428571428571429;0.37412244125047955;0,542857143;0,374122441
2;0.6197916666666666;9;3;88;0.2857142857142776;0.5978530140379852;0.07846812392635094;0,597853014;0,078468124
2;0.6302083333333333;9;3;96;0.2857142857142776;0.29824862637362637;0.37412244125047955;0,298248626;0,374122441
2;0.6406249999999999;8;3;101;0.2857142857142776;0.9160714285714284;0.37412244125047955;0,916071429;0,374122441
2;0.6458333333333333;4;3;103;0.2857142857142776;0.45338345864661656;0.37412244125047955;0,453383459;0,374122441
2;0.6510416666666666;4;3;104;0.2857142857142776;0.5198670204264297;0.37412244125047955;0,51986702;0,374122441
2;0.6562499999999999;9;3;105;0.2857142857142776;0.5053674649050373;0.37412244125047955;0,505367465;0,374122441
2;0.6614583333333333;9;3;106;0.2857142857142776;0.5294117647058825;0.37412244125047955;0,529411765;0,374122441
2;0.6770833333333333;7;3;109;0.2857142857142776;0.046923879040667416;0.37412244125047955;0,046923879;0,374122441
2;0.6822916666666666;0;3;110;0.2857142857142776;0.5652628278817011;0.37412244125047955;0,565262828;0,374122441
2;0.6874999999999999;5;3;49;0.2857142857142776;0.31603053435114514;0.37412244125047955;0,316030534;0,374122441
2;0.6927083333333333;8;3;50;0.2857142857142776;0.5243415802075022;0.37412244125047955;0,52434158;0,374122441
2;0.6979166666666666;1;3;51;0.2857142857142776;0.8638392857142858;0.37412244125047955;0,863839286;0,374122441
1;0.0;0;1;40;0.14285714285716722;0.42136854741896745;0.4518905526534329;0,421368547;0,451890553
1;0.005208333333333333;0;1;42;0.14285714285716722;0.23615160349854225;0.4518905526534329;0,236151603;0,451890553
1;0.010416666666666668;8;1;44;0.14285714285716722;0.46091644204851745;0.4518905526534329;0,460916442;0,451890553
1;0.015625;1;1;45;0.14285714285716722;0.4840116279069766;0.4518905526534329;0,484011628;0,451890553
1;0.020833333333333332;6;1;47;0.14285714285716722;0.6965919986054214;0.4518905526534329;0,696591999;0,451890553
1;0.026041666666666668;6;1;46;0.14285714285716722;0.6940581542351454;0.4518905526534329;0,694058154;0,451890553
1;0.031249999999999997;8;1;48;0.14285714285716722;0.5203791469194314;0.4518905526534329;0,520379147;0,451890553
1;0.03645833333333333;0;1;55;0.14285714285716722;0.44582734169683147;0.4518905526534329;0,445827342;0,451890553
1;0.041666666666666664;0;1;56;0.14285714285716722;0.39582664526484757;0.4518905526534329;0,395826645;0,451890553
1;0.04687499999999999;9;1;57;0.14285714285716722;0.2805194805194806;0.4518905526534329;0,280519481;0,451890553
1;0.05208333333333333;0;1;58;0.14285714285716722;0.32773109243697474;0.4518905526534329;0,327731092;0,451890553
1;0.057291666666666664;0;1;53;0.14285714285716722;0.46753246753246747;0.4518905526534329;0,467532468;0,451890553
1;0.06249999999999999;4;1;54;0.14285714285716722;0.6342857142857143;0.4518905526534329;0,634285714;0,451890553
1;0.06770833333333333;9;1;59;0.14285714285716722;0.5294117647058825;0.4518905526534329;0,529411765;0,451890553
1;0.07291666666666667;0;1;63;0.14285714285716722;0.4054054054054055;0.4518905526534329;0,405405405;0,451890553
1;0.078125;9;1;64;0.14285714285716722;0.46731234866828086;0.4518905526534329;0,467312349;0,451890553
1;0.08333333333333333;9;1;66;0.14285714285716722;0.20440696744014275;0.4518905526534329;0,204406967;0,451890553
1;0.08854166666666667;0;1;68;0.14285714285716722;0.4006281815227988;0.4518905526534329;0,400628182;0,451890553
1;0.09375;0;1;69;0.14285714285716722;0.4968768581669678;0.4518905526534329;0,496876858;0,451890553
1;0.09895833333333333;6;1;70;0.14285714285716722;0.302387934645999;0.4518905526534329;0,302387935;0,451890553
1;0.10416666666666667;2;1;71;0.14285714285716722;0.36237897557000665;0.4518905526534329;0,362378976;0,451890553
1;0.109375;9;1;73;0.14285714285716722;0.3232815964523281;0.4518905526534329;0,323281596;0,451890553
1;0.11458333333333333;9;1;75;0.14285714285716722;0.2806841046277666;0.4518905526534329;0,280684105;0,451890553
1;0.11979166666666667;8;1;76;0.14285714285716722;0.5143170464237845;0.4518905526534329;0,514317046;0,451890553
1;0.12499999999999999;8;1;77;0.14285714285716722;0.5814376706096451;0.4518905526534329;0,581437671;0,451890553
1;0.13020833333333331;0;1;79;0.14285714285716722;0.4116200226018747;0.4518905526534329;0,411620023;0,451890553
1;0.13541666666666666;3;1;81;0.14285714285716722;0.3025210084033614;0.4518905526534329;0,302521008;0,451890553
1;0.14062499999999997;0;1;82;0.14285714285716722;0.5045707476310854;0.4518905526534329;0,504570748;0,451890553
1;0.14583333333333331;9;1;83;0.14285714285716722;0.47403437442247287;0.4518905526534329;0,474034374;0,451890553
1;0.15104166666666666;8;1;84;0.14285714285716722;0.6471144749290445;0.4518905526534329;0,647114475;0,451890553
1;0.15624999999999997;0;1;85;0.14285714285716722;0.46339285714285716;0.4518905526534329;0,463392857;0,451890553
1;0.16145833333333331;9;1;86;0.14285714285716722;0.5471250740960285;0.4518905526534329;0,547125074;0,451890553
1;0.16666666666666666;8;1;87;0.14285714285716722;0.38675958188153303;0.4518905526534329;0,386759582;0,451890553
1;0.17187499999999997;9;1;88;0.14285714285716722;0.381571959638874;0.4518905526534329;0,38157196;0,451890553
1;0.17708333333333331;9;1;89;0.14285714285716722;0.3857142857142859;0.4518905526534329;0,385714286;0,451890553
1;0.18229166666666666;9;1;92;0.14285714285716722;0.10373733845616484;0.4518905526534329;0,103737338;0,451890553
1;0.18749999999999997;8;1;95;0.14285714285716722;0.6728676728676728;0.4518905526534329;0,672867673;0,451890553
1;0.19270833333333331;9;1;96;0.14285714285716722;0.08248956283890774;0.4518905526534329;0,082489563;0,451890553
1;0.19791666666666666;9;1;97;0.14285714285716722;0.2789757412398923;0.4518905526534329;0,278975741;0,451890553
1;0.20312499999999997;2;1;98;0.14285714285716722;0.4393193013882668;0.4518905526534329;0,439319301;0,451890553
1;0.20833333333333331;3;1;100;0.14285714285716722;0.6164383561643836;0.4518905526534329;0,616438356;0,451890553
1;0.21354166666666666;8;1;101;0.14285714285716722;0.23142857142857132;0.4518905526534329;0,231428571;0,451890553
1;0.21874999999999997;9;1;102;0.14285714285716722;0.4097331240188382;0.4518905526534329;0,409733124;0,451890553
1;0.22395833333333331;4;1;104;0.14285714285716722;0.4479483282674772;0.4518905526534329;0,447948328;0,451890553
1;0.22916666666666666;9;1;106;0.14285714285716722;0.24878048780487827;0.4518905526534329;0,248780488;0,451890553
1;0.23437499999999997;8;1;107;0.14285714285716722;0.7000508388408744;0.4518905526534329;0,700050839;0,451890553
1;0.23958333333333331;9;1;108;0.14285714285716722;0.30895167678901503;0.4518905526534329;0,308951677;0,451890553
1;0.24479166666666666;0;1;110;0.14285714285716722;0.4300725544158117;0.4518905526534329;0,430072554;0,451890553
1;0.24999999999999997;5;1;49;0.14285714285716722;0.4141353383458646;0.4518905526534329;0,414135338;0,451890553
1;0.2552083333333333;8;1;50;0.14285714285716722;0.7142857142857142;0.4518905526534329;0,714285714;0,451890553
1;0.2708333333333333;0;3;0;0.14285714285716722;0.7142857142857142;0.9072769447058739;0,714285714;0,907276945
1;0.3072916666666667;2;3;9;0.14285714285716722;0.6149068322981366;0.6105972437004592;0,614906832;0,610597244
1;0.3125;2;3;6;0.14285714285716722;0.6458196181698486;0.800344924685156;0,645819618;0,800344925
1;0.3385416666666667;0;3;14;0.14285714285716722;0.5990657843518881;0.3960283779843863;0,599065784;0,396028378
1;0.34375;9;3;15;0.14285714285716722;0.5291707761171383;0.23220548582056644;0,529170776;0,232205486
1;0.359375;9;3;18;0.14285714285716722;0.48055611525287145;0.21496395413328173;0,480556115;0,214963954
1;0.3645833333333333;0;3;19;0.14285714285716722;0.6717745921898173;0.23045684712148606;0,671774592;0,230456847
1;0.3854166666666667;9;3;22;0.14285714285716722;0.6597858589755956;0.9247894202188824;0,659785859;0,92478942
1;0.40625;9;3;26;0.14285714285716722;0.5665859564164648;0.8807950746021831;0,566585956;0,880795075
1;0.4114583333333333;0;3;27;0.14285714285716722;0.626641869115425;0.09171205096961366;0,626641869;0,091712051
1;0.4270833333333333;9;3;31;0.14285714285716722;0.5720578980490874;0.3878665993085004;0,572057898;0,387866599
1;0.4583333333333333;6;3;34;0.14285714285716722;0.5787561518188205;0.8820169594743863;0,578756152;0,882016959
1;0.4635416666666667;6;3;36;0.14285714285716722;0.6096405891156123;0.8621656440603758;0,609640589;0,862165644
1;0.484375;4;3;38;0.14285714285716722;0.5433962264150942;0.3611838613296392;0,543396226;0,361183861
1;0.5104166666666666;8;3;48;0.14285714285716722;0.6402054044953278;0.8917121586790202;0,640205404;0,891712159
1;0.5260416666666666;9;3;57;0.14285714285716722;0.3657442034405385;0.37412244125047955;0,365744203;0,374122441
1;0.5416666666666666;7;3;61;0.14285714285716722;0.36566186107470533;0.7275901189362557;0,365661861;0,727590119
1;0.5468749999999999;0;3;63;0.14285714285716722;0.5261324041811846;0.855524773870366;0,526132404;0,855524774
1;0.5572916666666666;2;3;65;0.14285714285716722;0.43718592964824143;0.6271399680413818;0,43718593;0,627139968
1;0.5677083333333333;0;3;68;0.14285714285716722;0.46325625593918285;0.37412244125047955;0,463256256;0,374122441
1;0.5729166666666666;0;3;69;0.14285714285716722;0.6570826433840133;0.9938370242651473;0,657082643;0,993837024
1;0.5937499999999999;9;3;73;0.14285714285716722;0.38259441707717556;0.37412244125047955;0,382594417;0,374122441
1;0.5989583333333333;9;3;74;0.14285714285716722;0.6050420168067228;0.37412244125047955;0,605042017;0,374122441
1;0.6041666666666666;8;3;76;0.14285714285716722;0.543830852691612;0.8667131029590944;0,543830853;0,866713103
1;0.6145833333333333;0;3;79;0.14285714285716722;0.404191616766467;0.37412244125047955;0,404191617;0,374122441
1;0.6197916666666666;9;3;83;0.14285714285716722;0.05689001264222515;0.07846812392635094;0,056890013;0,078468124
1;0.6302083333333333;0;3;85;0.14285714285716722;0.4084262969782304;0.37412244125047955;0,408426297;0,374122441
1;0.6406249999999999;9;3;88;0.14285714285716722;0.46997929606625277;0.37412244125047955;0,469979296;0,374122441
1;0.6458333333333333;2;3;94;0.14285714285716722;0.5886510701841714;0.37412244125047955;0,58865107;0,374122441
1;0.6510416666666666;9;3;96;0.14285714285716722;0.2106937345866542;0.37412244125047955;0,210693735;0,374122441
1;0.6562499999999999;4;3;99;0.14285714285716722;0.7714285714285716;0.37412244125047955;0,771428571;0,374122441
1;0.6614583333333333;8;3;101;0.14285714285716722;0.7649186256781195;0.37412244125047955;0,764918626;0,374122441
1;0.6770833333333333;9;3;105;0.14285714285716722;0.3853541416566628;0.37412244125047955;0,385354142;0,374122441
1;0.6822916666666666;9;3;106;0.14285714285716722;0.5164835164835164;0.37412244125047955;0,516483516;0,374122441
1;0.6874999999999999;8;3;107;0.14285714285716722;0.2268907563025211;0.37412244125047955;0,226890756;0,374122441
1;0.6927083333333333;9;3;108;0.14285714285716722;0.37405760680456224;0.37412244125047955;0,374057607;0,374122441
1;0.6979166666666666;7;3;109;0.14285714285716722;0.00467532467532461;0.37412244125047955;0,004675325;0,374122441
1;0.7187499999999999;1;3;51;0.14285714285716722;0.7752100840336136;0.37412244125047955;0,775210084;0,374122441
0;0.0;0;1;40;0.0;0.44984048209854666;0.4518905526534329;0,449840482;0,451890553
0;0.005208333333333333;0;1;41;0.0;0.31838614566705825;0.4518905526534329;0,318386146;0,451890553
0;0.010416666666666668;0;1;42;0.0;0.5320197044334976;0.4518905526534329;0,532019704;0,451890553
0;0.015625;8;1;44;0.0;0.49714285714285733;0.4518905526534329;0,497142857;0,451890553
0;0.020833333333333332;1;1;45;0.0;0.4961832061068703;0.4518905526534329;0,496183206;0,451890553
0;0.026041666666666668;6;1;47;0.0;0.5785046266514919;0.4518905526534329;0,578504627;0,451890553
0;0.031249999999999997;6;1;46;0.0;0.6828087167070218;0.4518905526534329;0,682808717;0,451890553
0;0.03645833333333333;8;1;48;0.0;0.4410503054725077;0.4518905526534329;0,441050305;0,451890553
0;0.041666666666666664;1;1;52;0.0;0.3025210084033614;0.4518905526534329;0,302521008;0,451890553
0;0.04687499999999999;0;1;55;0.0;0.43813430212117677;0.4518905526534329;0,438134302;0,451890553
0;0.05208333333333333;0;1;56;0.0;0.4995977473853579;0.4518905526534329;0,499597747;0,451890553
0;0.057291666666666664;9;1;57;0.0;0.3176470588235294;0.4518905526534329;0,317647059;0,451890553
0;0.06249999999999999;0;1;58;0.0;0.3435114503816792;0.4518905526534329;0,34351145;0,451890553
0;0.06770833333333333;0;1;53;0.0;0.5195694716242663;0.4518905526534329;0,519569472;0,451890553
0;0.07291666666666667;4;1;54;0.0;0.4618585298196949;0.4518905526534329;0,46185853;0,451890553
0;0.078125;9;1;59;0.0;0.8961038961038963;0.4518905526534329;0,896103896;0,451890553
0;0.08333333333333333;9;1;60;0.0;0.041474654377880116;0.4518905526534329;0,041474654;0,451890553
0;0.08854166666666667;9;1;62;0.0;0.27533949778040245;0.4518905526534329;0,275339498;0,451890553
0;0.09375;0;1;63;0.0;0.4566088117489988;0.4518905526534329;0,456608812;0,451890553
0;0.09895833333333333;9;1;64;0.0;0.2971397053029705;0.4518905526534329;0,297139705;0,451890553
0;0.10416666666666667;9;1;66;0.0;0.23620371683926789;0.4518905526534329;0,236203717;0,451890553
0;0.109375;0;1;67;0.0;0.3751898088462491;0.4518905526534329;0,375189809;0,451890553
0;0.11458333333333333;0;1;68;0.0;0.4708249496981891;0.4518905526534329;0,47082495;0,451890553
0;0.11979166666666667;0;1;69;0.0;0.8370820668693011;0.4518905526534329;0,837082067;0,451890553
0;0.12499999999999999;6;1;70;0.0;0.24731182795698925;0.4518905526534329;0,247311828;0,451890553
0;0.13020833333333331;2;1;71;0.0;0.17374517374517362;0.4518905526534329;0,173745174;0,451890553
0;0.14062499999999997;9;1;73;0.0;0.2881965992304827;0.4518905526534329;0,288196599;0,451890553
0;0.14583333333333331;9;1;75;0.0;0.2355212355212355;0.4518905526534329;0,235521236;0,451890553
0;0.15104166666666666;8;1;76;0.0;0.4451633100281749;0.4518905526534329;0,44516331;0,451890553
0;0.15624999999999997;8;1;77;0.0;0.6136363636363638;0.4518905526534329;0,613636364;0,451890553
0;0.16145833333333331;0;1;79;0.0;0.4357313331060346;0.4518905526534329;0,435731333;0,451890553
0;0.16666666666666666;3;1;81;0.0;0.18367346938775508;0.4518905526534329;0,183673469;0,451890553
0;0.17187499999999997;0;1;82;0.0;0.40909090909090895;0.4518905526534329;0,409090909;0,451890553
0;0.17708333333333331;9;1;83;0.0;0.3840445269016697;0.4518905526534329;0,384044527;0,451890553
0;0.18229166666666666;8;1;84;0.0;0.631755999102938;0.4518905526534329;0,631755999;0,451890553
0;0.18749999999999997;0;1;85;0.0;0.4568288854003142;0.4518905526534329;0,456828885;0,451890553
0;0.19270833333333331;9;1;86;0.0;0.6425323034721719;0.4518905526534329;0,642532303;0,451890553
0;0.19791666666666666;9;1;88;0.0;0.38141663350577004;0.4518905526534329;0,381416634;0,451890553
0;0.20312499999999997;9;1;89;0.0;0.3205282112845138;0.4518905526534329;0,320528211;0,451890553
0;0.20833333333333331;9;1;92;0.0;0.25257650229903295;0.4518905526534329;0,252576502;0,451890553
0;0.21354166666666666;8;1;95;0.0;0.7377049180327868;0.4518905526534329;0,737704918;0,451890553
0;0.21874999999999997;9;1;96;0.0;0.14436500714935652;0.4518905526534329;0,144365007;0,451890553
0;0.22395833333333331;9;1;97;0.0;0.22896281800391405;0.4518905526534329;0,228962818;0,451890553
0;0.22916666666666666;2;1;98;0.0;0.2779922779922781;0.4518905526534329;0,277992278;0,451890553
0;0.23437499999999997;3;1;100;0.0;0.6201680672268908;0.4518905526534329;0,620168067;0,451890553
0;0.23958333333333331;8;1;101;0.0;0.5899159663865545;0.4518905526534329;0,589915966;0,451890553
0;0.24479166666666666;9;1;102;0.0;0.3919022154316274;0.4518905526534329;0,391902215;0,451890553
0;0.24999999999999997;4;1;104;0.0;0.3616071428571428;0.4518905526534329;0,361607143;0,451890553
0;0.2552083333333333;9;1;106;0.0;0.29251700680272097;0.4518905526534329;0,292517007;0,451890553
0;0.2604166666666667;8;1;107;0.0;0.5877551020408163;0.4518905526534329;0,587755102;0,451890553
0;0.265625;9;1;108;0.0;0.24837662337662336;0.4518905526534329;0,248376623;0,451890553
0;0.2708333333333333;0;1;110;0.0;0.5026595744680851;0.4518905526534329;0,502659574;0,451890553
0;0.2760416666666667;5;1;49;0.0;0.2949308755760369;0.4518905526534329;0,294930876;0,451890553
0;0.28125;8;1;50;0.0;0.6906729634002362;0.4518905526534329;0,690672963;0,451890553
0;0.296875;0;3;0;0.0;0.6892488954344627;0.5820454110536275;0,689248895;0,582045411
0;0.3072916666666667;0;3;2;0.0;0.6659815005138747;0.8316681962564143;0,665981501;0,831668196
0;0.3229166666666667;0;3;5;0.0;0.5801877875102401;0.06591839303199443;0,580187788;0,065918393
0;0.328125;2;3;8;0.0;0.5883777239709442;0.6289157407107471;0,588377724;0,628915741
0;0.3333333333333333;2;3;9;0.0;0.5949848024316111;0.40203605326968805;0,594984802;0,402036053
0;0.34375;9;3;7;0.0;0.5423155044008126;0.3724133738060509;0,542315504;0,372413374
0;0.359375;1;3;12;0.0;0.6212991576265476;0.5817537008353728;0,621299158;0,581753701
0;0.375;9;3;15;0.0;0.5586605637195856;0.18643362693437915;0,558660564;0,186433627
0;0.390625;9;3;18;0.0;0.4285714285714286;0.250481118252754;0,428571429;0,250481118
0;0.4114583333333333;9;3;22;0.0;0.649708195889368;0.6451365136958849;0,649708196;0,645136514
0;0.4375;0;3;27;0.0;0.6085566756823211;0.6963263921120983;0,608556676;0,696326392
0;0.4427083333333333;9;3;30;0.0;0.5314285714285714;0.39804161672443783;0,531428571;0,398041617
0;0.4583333333333333;9;3;11;0.0;0.5882142857142858;0.16274433898085583;0,588214286;0,162744339
0;0.4791666666666667;6;3;34;0.0;0.5879541738332321;0.3311665596672757;0,587954174;0,33116656
0;0.484375;6;3;36;0.0;0.5348408767527957;0.3611838613296392;0,534840877;0,361183861
0;0.5104166666666666;4;3;39;0.0;0.6536796536796539;0.8917121586790202;0,653679654;0,891712159
0;0.5260416666666666;6;3;46;0.0;0.6387386637823445;0.37412244125047955;0,638738664;0,374122441
0;0.5416666666666666;0;3;56;0.0;0.6401801648678507;0.7275901189362557;0,640180165;0,727590119
0;0.5468749999999999;9;3;57;0.0;0.28429985855728424;0.855524773870366;0,284299859;0,855524774
0;0.5572916666666666;0;3;53;0.0;0.6220238095238095;0.6271399680413818;0,62202381;0,627139968
0;0.5677083333333333;7;3;61;0.0;0.5704824976348155;0.37412244125047955;0,570482498;0,374122441
0;0.5729166666666666;0;3;63;0.0;0.4390793094821117;0.9938370242651473;0,439079309;0,993837024
0;0.5937499999999999;0;3;68;0.0;0.43000000000000016;0.37412244125047955;0,43;0,374122441
0;0.5989583333333333;0;3;69;0.0;0.7046703296703298;0.37412244125047955;0,70467033;0,374122441
0;0.6041666666666666;6;3;70;0.0;0.35317460317460325;0.8667131029590944;0,353174603;0,866713103
0;0.6145833333333333;2;3;72;0.0;0.28343222272934754;0.37412244125047955;0,283432223;0,374122441
0;0.6197916666666666;9;3;73;0.0;0.4502857142857144;0.07846812392635094;0,450285714;0,078468124
0;0.6302083333333333;8;3;76;0.0;0.5895900377780889;0.37412244125047955;0,589590038;0,374122441
0;0.6406249999999999;0;3;79;0.0;0.13985823336968384;0.37412244125047955;0,139858233;0,374122441
0;0.6458333333333333;9;3;83;0.0;0.2974789915966387;0.37412244125047955;0,297478992;0,374122441
0;0.6510416666666666;8;3;84;0.0;0.7005666567253208;0.37412244125047955;0,700566657;0,374122441
0;0.6562499999999999;0;3;85;0.0;0.37586160291931336;0.37412244125047955;0,375861603;0,374122441
0;0.6614583333333333;8;3;87;0.0;0.4694783573806882;0.37412244125047955;0,469478357;0,374122441
0;0.6770833333333333;9;3;96;0.0;0.2392794393064701;0.37412244125047955;0,239279439;0,374122441
0;0.6822916666666666;4;3;99;0.0;0.4207792207792209;0.37412244125047955;0,420779221;0,374122441
0;0.6874999999999999;8;3;101;0.0;0.6660929432013769;0.37412244125047955;0,666092943;0,374122441
0;0.6927083333333333;4;3;103;0.0;0.5068168346176645;0.37412244125047955;0,506816835;0,374122441
0;0.6979166666666666;4;3;104;0.0;0.43361819527622636;0.37412244125047955;0,433618195;0,374122441
0;0.7187499999999999;7;3;109;0.0;0.12857142857142878;0.37412244125047955;0,128571429;0,374122441
0;0.7291666666666666;5;3;49;0.0;0.3800043754101947;0.37412244125047955;0,380004375;0,374122441
0;0.7343749999999999;8;3;50;0.0;0.46862483311081427;0.37412244125047955;0,468624833;0,374122441
0;0.7395833333333333;1;3;51;0.0;0.5162337662337664;0.37412244125047955;0,516233766;0,374122441
