per_sies;id_carr_gen;area_carr;tipo_inst;nom_carr_gen;coho_mat;tasa_ret_1er_anio;tasa_ret_2do_anio
7;0.0;0;1;40;1.0;0.6244897959183675;0.4518905526534326
7;0.010416666666666685;1;1;45;1.0;0.5104427736006685;0.4518905526534326
7;0.015625;6;1;47;1.0;0.6755943913838653;0.4518905526534326
7;0.02083333333333337;6;1;46;1.0;0.6715732153492726;0.4518905526534326
7;0.026041666666666685;8;1;48;1.0;0.6969765089355963;0.4518905526534326
7;0.03125;1;1;52;1.0;0.648754914809961;0.4518905526534326
7;0.03645833333333337;0;1;55;1.0;0.5090673575129534;0.4518905526534326
7;0.04166666666666674;0;1;56;1.0;0.7189504373177844;0.4518905526534326
7;0.05208333333333337;0;1;58;1.0;0.6602316602316605;0.4518905526534326
7;0.06770833333333337;4;1;54;1.0;0.47742413027387115;0.4518905526534326
7;0.08854166666666669;0;1;63;1.0;0.49902152641878667;0.4518905526534326
7;0.09375;9;1;64;1.0;0.4836706977947358;0.4518905526534326
7;0.10937500000000003;9;1;66;1.0;0.2766078542970974;0.4518905526534326
7;0.11458333333333334;0;1;68;1.0;0.6066676414680511;0.4518905526534326
7;0.12500000000000003;6;1;70;1.0;0.6239180497101566;0.4518905526534326
7;0.14583333333333334;9;1;73;1.0;0.45143946096780785;0.4518905526534326
7;0.15625000000000003;9;1;75;1.0;0.675;0.4518905526534326
7;0.16666666666666666;8;1;76;1.0;0.6652452025586356;0.4518905526534326
7;0.17187500000000003;8;1;77;1.0;0.3447498873366383;0.4518905526534326
7;0.18229166666666669;0;1;79;1.0;0.6345315184353113;0.4518905526534326
7;0.18750000000000003;3;1;81;1.0;0.42857142857142855;0.4518905526534326
7;0.19791666666666669;9;1;83;1.0;0.38223938223938236;0.4518905526534326
7;0.203125;8;1;84;1.0;0.7946428571428573;0.4518905526534326
7;0.20833333333333334;0;1;85;1.0;0.45130871596016575;0.4518905526534326
7;0.21354166666666669;9;1;86;1.0;0.5891800507185124;0.4518905526534326
7;0.22395833333333334;9;1;88;1.0;0.4489355137303303;0.4518905526534326
7;0.22916666666666669;9;1;89;1.0;0.24849939975990393;0.4518905526534326
7;0.23958333333333334;9;1;90;1.0;0.03474903474903468;0.4518905526534326
7;0.24479166666666669;9;1;91;1.0;0.3297358704913378;0.4518905526534326
7;0.2604166666666667;8;1;95;1.0;0.539803707742639;0.4518905526534326
7;0.265625;9;1;96;1.0;0.6650246305418719;0.4518905526534326
7;0.27083333333333337;9;1;97;1.0;0.42857142857142855;0.4518905526534326
7;0.2760416666666667;2;1;98;1.0;0.641972882688151;0.4518905526534326
7;0.28125;3;1;100;1.0;0.5714285714285715;0.4518905526534326
7;0.2864583333333333;8;1;101;1.0;0.6160714285714288;0.4518905526534326
7;0.2916666666666667;9;1;102;1.0;0.47368421052631593;0.4518905526534326
7;0.3020833333333333;4;1;104;1.0;0.47517902658089567;0.4518905526534326
7;0.3072916666666667;9;1;106;1.0;0.4244702665755299;0.4518905526534326
7;0.3177083333333333;9;1;108;1.0;0.37670609645131936;0.4518905526534326
7;0.328125;0;1;110;1.0;0.5828796696076591;0.4518905526534326
7;0.3385416666666667;5;1;49;1.0;0.6181876813930991;0.4518905526534326
7;0.34375;8;1;50;1.0;0.8941798941798944;0.4518905526534326
7;0.3489583333333333;1;1;51;1.0;0.767766313035896;0.4518905526534326
7;0.3697916666666667;4;3;1;1.0;0.7468322981366462;0.6504743833237009
7;0.3958333333333333;0;3;5;1.0;0.6396724294813467;0.5455194002363861
7;0.40625;2;3;9;1.0;0.6492220650636493;0.29960221555862565
7;0.4114583333333333;2;3;6;1.0;0.7505168849069608;0.8820985789552562
7;0.4166666666666667;9;3;7;1.0;0.604696673189824;0.7993655913167312
7;0.421875;8;3;10;1.0;0.5350488021295475;0.9277860017155246
7;0.46354166666666663;9;3;16;1.0;0.5714285714285715;0.7820369351760905
7;0.5416666666666666;9;3;23;1.0;0.6362297496318117;0.7275901189362558
7;0.546875;9;3;24;1.0;0.6329903862371397;0.8555247738703653
7;0.5572916666666666;9;3;26;1.0;0.4985422740524782;0.6271399680413817
7;0.5677083333333333;9;3;28;1.0;0.5876772168999724;0.3741224412504796
7;0.5729166666666666;0;3;29;1.0;0.9878315891944514;0.993837024265146
7;0.5989583333333333;9;3;11;1.0;0.5986293762183661;0.3741224412504796
7;0.6041666666666666;8;3;32;1.0;0.7328990228013031;0.8667131029590942
7;0.6197916666666666;6;3;37;1.0;0.6073756751722855;0.07846812392635033
7;0.640625;1;3;45;1.0;0.6230492196878753;0.3741224412504796
7;0.6458333333333333;6;3;47;1.0;0.4965671271403756;0.3741224412504796
7;0.6510416666666667;6;3;46;1.0;0.5081994928148776;0.3741224412504796
7;0.65625;8;3;48;1.0;0.7038825933494335;0.3741224412504796
7;0.6614583333333333;0;3;55;1.0;0.447417886822319;0.3741224412504796
7;0.6875;0;3;53;1.0;0.47368421052631593;0.3741224412504796
7;0.6927083333333333;4;3;54;1.0;0.4371108343711084;0.3741224412504796
7;0.6979166666666667;9;3;59;1.0;0.2795031055900622;0.3741224412504796
7;0.71875;0;3;63;1.0;0.6188997338065663;0.3741224412504796
7;0.7291666666666667;2;3;65;1.0;0.524218270999387;0.3741224412504796
7;0.7395833333333333;9;3;66;1.0;0.2842214056040424;0.3741224412504796
7;0.75;0;3;69;1.0;0.5301587301587302;0.3741224412504796
7;0.7604166666666666;2;3;71;1.0;0.6127508854781584;0.3741224412504796
7;0.7708333333333333;2;3;72;1.0;0.4867145983119726;0.3741224412504796
7;0.7760416666666666;9;3;73;1.0;0.4624381728251383;0.3741224412504796
7;0.78125;9;3;74;1.0;0.5526826115061411;0.3741224412504796
7;0.7916666666666666;8;3;76;1.0;0.5548363389677202;0.3741224412504796
7;0.796875;8;3;77;1.0;0.7342512908777972;0.3741224412504796
7;0.8072916666666666;0;3;79;1.0;0.5820779220779221;0.3741224412504796
7;0.8125;3;3;80;1.0;0.7714285714285717;0.3741224412504796
7;0.8229166666666666;9;3;83;1.0;0.2938365981844242;0.3741224412504796
7;0.828125;8;3;84;1.0;0.8756525866160418;0.3741224412504796
7;0.8333333333333333;0;3;85;1.0;0.4040303272146847;0.3741224412504796
7;0.8385416666666666;9;3;86;1.0;0.44816326530612244;0.3741224412504796
7;0.84375;8;3;87;1.0;0.5325936199722607;0.3741224412504796
7;0.8489583333333333;9;3;88;1.0;0.5801959773078907;0.3741224412504796
7;0.8645833333333333;9;3;91;1.0;0.4237366179348452;0.3741224412504796
7;0.875;2;3;94;1.0;0.544952227466329;0.3741224412504796
7;0.8802083333333333;8;3;95;1.0;0.7681940700808627;0.3741224412504796
7;0.8854166666666666;9;3;96;1.0;0.38380669775328524;0.3741224412504796
7;0.921875;8;3;101;1.0;0.8000000000000003;0.3741224412504796
7;0.9270833333333333;4;3;103;1.0;0.3322632423756019;0.3741224412504796
7;0.9375;4;3;104;1.0;0.4820495812950833;0.3741224412504796
7;0.9427083333333333;9;3;105;1.0;0.6511444356748224;0.3741224412504796
7;0.9479166666666665;9;3;106;1.0;0.4533443435177541;0.3741224412504796
7;0.9583333333333333;9;3;108;1.0;0.5323660714285715;0.3741224412504796
7;0.9739583333333333;0;3;110;1.0;0.5126684636118598;0.3741224412504796
7;0.9791666666666666;5;3;49;1.0;0.21685319289005922;0.3741224412504796
7;0.984375;8;3;50;1.0;0.7472527472527473;0.3741224412504796
7;0.9895833333333333;1;3;51;1.0;0.7837837837837838;0.3741224412504796
7;1.0;4;3;43;1.0;0.6295022258195064;0.4487849353291235
6;0.0;0;0;40;0.8571428571428572;0.2241153342070774;0.4518905526534326
6;0.00520833333333337;1;0;45;0.8571428571428572;0.35771298257045137;0.4518905526534326
6;0.010416666666666685;6;0;47;0.8571428571428572;0.6534908700322235;0.4518905526534326
6;0.015625;6;0;46;0.8571428571428572;0.7409311418434583;0.4518905526534326
6;0.02083333333333337;8;0;48;0.8571428571428572;0.6006618863761721;0.4518905526534326
6;0.026041666666666685;1;0;52;0.8571428571428572;0.3656618610747052;0.4518905526534326
6;0.03125;0;0;55;0.8571428571428572;0.40502177536426687;0.4518905526534326
6;0.03645833333333337;0;0;56;0.8571428571428572;0.5353159851301116;0.4518905526534326
6;0.046875;0;0;58;0.8571428571428572;0.3857142857142858;0.4518905526534326
6;0.05208333333333337;0;0;53;0.8571428571428572;0.0;0.4518905526534326
6;0.05729166666666674;4;0;54;0.8571428571428572;0.46794548207975767;0.4518905526534326
6;0.06770833333333337;0;0;63;0.8571428571428572;0.536148062463852;0.4518905526534326
6;0.07291666666666669;9;0;64;0.8571428571428572;0.3000967429861336;0.4518905526534326
6;0.078125;9;0;66;0.8571428571428572;0.15657708628005673;0.4518905526534326
6;0.08333333333333337;0;0;68;0.8571428571428572;0.5072286204361677;0.4518905526534326
6;0.08854166666666669;6;0;70;0.8571428571428572;0.5027382256297921;0.4518905526534326
6;0.09375;9;0;73;0.8571428571428572;0.2921194674343288;0.4518905526534326
6;0.10416666666666669;9;0;75;0.8571428571428572;0.2721584984358708;0.4518905526534326
6;0.10937500000000003;8;0;76;0.8571428571428572;0.7148470390120687;0.4518905526534326
6;0.11458333333333334;8;0;77;0.8571428571428572;0.34110787172011675;0.4518905526534326
6;0.11979166666666669;0;0;79;0.8571428571428572;0.5535582108491066;0.4518905526534326
6;0.13541666666666669;9;0;83;0.8571428571428572;0.2805194805194806;0.4518905526534326
6;0.14062500000000003;8;0;84;0.8571428571428572;0.795210569777044;0.4518905526534326
6;0.14583333333333334;0;0;85;0.8571428571428572;0.3530565544295522;0.4518905526534326
6;0.15104166666666666;9;0;86;0.8571428571428572;0.4508762612851833;0.4518905526534326
6;0.16145833333333334;9;0;88;0.8571428571428572;0.29435572084882966;0.4518905526534326
6;0.16666666666666666;9;0;89;0.8571428571428572;0.34834623504574247;0.4518905526534326
6;0.17708333333333334;9;0;91;0.8571428571428572;0.42627960275019106;0.4518905526534326
6;0.18750000000000003;8;0;95;0.8571428571428572;0.5070422535211268;0.4518905526534326
6;0.19791666666666669;9;0;97;0.8571428571428572;0.04060150375939858;0.4518905526534326
6;0.203125;2;0;98;0.8571428571428572;0.5117134246968503;0.4518905526534326
6;0.20833333333333334;3;0;100;0.8571428571428572;0.7536945812807885;0.4518905526534326
6;0.21354166666666669;8;0;101;0.8571428571428572;0.7806122448979593;0.4518905526534326
6;0.21875;9;0;102;0.8571428571428572;0.39909588866849777;0.4518905526534326
6;0.22395833333333334;4;0;104;0.8571428571428572;0.36169866579889365;0.4518905526534326
6;0.22916666666666669;9;0;106;0.8571428571428572;0.28759398496240596;0.4518905526534326
6;0.23958333333333334;9;0;108;0.8571428571428572;0.2943722943722945;0.4518905526534326
6;0.25;0;0;110;0.8571428571428572;0.5346672871102839;0.4518905526534326
6;0.25520833333333337;5;0;49;0.8571428571428572;0.6160181766543597;0.4518905526534326
6;0.2604166666666667;8;0;50;0.8571428571428572;0.7670141017780505;0.4518905526534326
6;0.265625;1;0;51;0.8571428571428572;0.7108944467994914;0.4518905526534326
6;0.2864583333333333;4;2;1;0.8571428571428572;0.7604863221884501;0.6872633657522766
6;0.3125;0;2;5;0.8571428571428572;0.5901313171508159;0.0032787425178326113
6;0.328125;2;2;6;0.8571428571428572;0.6225108225108227;0.3172760135234559
6;0.3541666666666667;9;2;13;0.8571428571428572;0.6222596964586847;0.07290356020603267
6;0.359375;0;2;14;0.8571428571428572;0.7073652990608009;0.7157780602279465
6;0.3697916666666667;9;2;16;0.8571428571428572;0.6468699839486356;0.3671148428878931
6;0.375;9;2;17;0.8571428571428572;0.6580427446569179;0.8833561914827671
6;0.4114583333333333;9;2;22;0.8571428571428572;0.6490952006294258;0.9856479642058346
6;0.4375;9;2;26;0.8571428571428572;0.523809523809524;0.2953664409817844
6;0.4583333333333333;9;2;30;0.8571428571428572;0.5917207792207793;0.4217658050589142
6;0.46354166666666663;9;2;31;0.8571428571428572;0.6642857142857144;0.6842875612191107
6;0.4739583333333333;9;2;11;0.8571428571428572;0.5813069908814591;0.40020604730662757
6;0.47916666666666663;8;2;32;0.8571428571428572;0.6228926353149957;0.49731554440936493
6;0.5;6;2;37;0.8571428571428572;0.642857142857143;0.5876423837300483
6;0.5208333333333333;1;2;45;0.8571428571428572;0.5233309404163677;0.5857585612134777
6;0.5260416666666666;6;2;47;0.8571428571428572;0.5778575603239545;0.5857585612134777
6;0.53125;6;2;46;0.8571428571428572;0.5230154003233217;0.5857585612134777
6;0.5416666666666666;0;2;55;0.8571428571428572;0.4315536139377928;0.5857585612134777
6;0.546875;0;2;56;0.8571428571428572;0.5796532962166268;0.5857585612134777
6;0.5520833333333333;9;2;57;0.8571428571428572;0.1153846153846152;0.5857585612134777
6;0.5572916666666666;0;2;58;0.8571428571428572;0.1428571428571429;0.5857585612134777
6;0.5625;0;2;53;0.8571428571428572;0.450447464368578;0.5857585612134777
6;0.5677083333333333;4;2;54;0.8571428571428572;0.5836076366030284;0.5857585612134777
6;0.5729166666666666;9;2;59;0.8571428571428572;0.642857142857143;0.5857585612134777
6;0.5885416666666666;0;2;63;0.8571428571428572;0.5087719298245614;0.5857585612134777
6;0.59375;9;2;64;0.8571428571428572;0.34971801107259276;0.5857585612134777
6;0.5989583333333333;2;2;65;0.8571428571428572;0.6272862086010875;0.5857585612134777
6;0.6041666666666666;9;2;66;0.8571428571428572;0.18580765639589175;0.5857585612134777
6;0.609375;0;2;68;0.8571428571428572;0.3995508723441009;0.5857585612134777
6;0.6145833333333333;0;2;69;0.8571428571428572;0.48730498623432245;0.5857585612134777
6;0.6197916666666666;6;2;70;0.8571428571428572;0.5240401245243862;0.5857585612134777
6;0.625;2;2;71;0.8571428571428572;0.3820598006644518;0.5857585612134777
6;0.6302083333333333;2;2;72;0.8571428571428572;0.3721804511278196;0.5857585612134777
6;0.6354166666666666;9;2;73;0.8571428571428572;0.30594549958711814;0.5857585612134777
6;0.640625;9;2;74;0.8571428571428572;0.41666666666666685;0.5857585612134777
6;0.6510416666666667;8;2;76;0.8571428571428572;0.5646777642668458;0.7322330506088907
6;0.65625;8;2;77;0.8571428571428572;0.6897321428571429;0.5857585612134777
6;0.6666666666666667;0;2;79;0.8571428571428572;0.46374575748225866;0.5857585612134777
6;0.671875;3;2;80;0.8571428571428572;0.5142857142857142;0.5857585612134777
6;0.6822916666666667;8;2;84;0.8571428571428572;0.9503105590062113;0.7754360546331206
6;0.6875;0;2;85;0.8571428571428572;0.43225734390707027;0.5857585612134777
6;0.6927083333333333;9;2;86;0.8571428571428572;0.3964858670741024;0.5857585612134777
6;0.6979166666666667;8;2;87;0.8571428571428572;0.4066445182724252;0.5857585612134777
6;0.703125;9;2;88;0.8571428571428572;0.3845831587767071;0.5857585612134777
6;0.71875;9;2;91;0.8571428571428572;0.39825184375853584;0.5857585612134777
6;0.7239583333333333;8;2;93;0.8571428571428572;1.0000000000000002;0.5857585612134777
6;0.7291666666666667;2;2;94;0.8571428571428572;0.505655274157856;0.5857585612134777
6;0.734375;8;2;95;0.8571428571428572;0.7567346938775511;0.5857585612134777
6;0.7395833333333333;9;2;96;0.8571428571428572;0.3095064935064935;0.5857585612134777
6;0.75;8;2;101;0.8571428571428572;0.8167115902964962;0.5857585612134777
6;0.7552083333333333;4;2;103;0.8571428571428572;0.5294117647058826;0.5857585612134777
6;0.765625;4;2;104;0.8571428571428572;0.48724289086208833;0.5857585612134777
6;0.7708333333333333;9;2;105;0.8571428571428572;0.5317614424410543;0.5857585612134777
6;0.7760416666666666;9;2;106;0.8571428571428572;0.450447464368578;0.5857585612134777
6;0.7864583333333333;9;2;108;0.8571428571428572;0.2682425488180884;0.5857585612134777
6;0.7916666666666666;7;2;109;0.8571428571428572;0.12148481439820025;0.5857585612134777
6;0.796875;0;2;110;0.8571428571428572;0.6055523423944477;0.5857585612134777
6;0.8020833333333333;5;2;49;0.8571428571428572;0.3715805471124619;0.5857585612134777
6;0.8072916666666666;8;2;50;0.8571428571428572;0.7153598281417832;0.5857585612134777
6;0.8125;1;2;51;0.8571428571428572;0.7975786924939469;0.5857585612134777
6;0.8229166666666666;4;2;43;0.8571428571428572;0.5909012579700156;0.05063620674120689
5;0.0;0;1;40;0.7142857142857144;0.41284403669724784;0.4518905526534326
5;0.00520833333333337;1;1;45;0.7142857142857144;0.23686397635977469;0.4518905526534326
5;0.010416666666666685;6;1;47;0.7142857142857144;0.6543868153174989;0.4518905526534326
5;0.015625;6;1;46;0.7142857142857144;0.5266863502157622;0.4518905526534326
5;0.02083333333333337;8;1;48;0.7142857142857144;0.6246786632390747;0.4518905526534326
5;0.026041666666666685;1;1;52;0.7142857142857144;0.40766550522648093;0.4518905526534326
5;0.03125;0;1;55;0.7142857142857144;0.4641522160703747;0.4518905526534326
5;0.03645833333333337;0;1;56;0.7142857142857144;0.6061612805798854;0.4518905526534326
5;0.04166666666666674;9;1;57;0.7142857142857144;0.07563025210084034;0.4518905526534326
5;0.046875;0;1;58;0.7142857142857144;0.43665768194070076;0.4518905526534326
5;0.05208333333333337;4;1;54;0.7142857142857144;0.16194111232279157;0.4518905526534326
5;0.05729166666666674;0;1;63;0.7142857142857144;0.49110974862047824;0.4518905526534326
5;0.0625;9;1;64;0.7142857142857144;0.4402959034126598;0.4518905526534326
5;0.06770833333333337;9;1;66;0.7142857142857144;0.12911699333198623;0.4518905526534326
5;0.07291666666666669;0;1;68;0.7142857142857144;0.5497907949790796;0.4518905526534326
5;0.078125;6;1;70;0.7142857142857144;0.23992472949662846;0.4518905526534326
5;0.08333333333333337;9;1;73;0.7142857142857144;0.1736776343190336;0.4518905526534326
5;0.09375;8;1;76;0.7142857142857144;0.654746720116618;0.4518905526534326
5;0.09895833333333334;8;1;77;0.7142857142857144;0.7273201251303443;0.4518905526534326
5;0.10416666666666669;0;1;79;0.7142857142857144;0.3612565445026178;0.4518905526534326
5;0.10937500000000003;9;1;83;0.7142857142857144;0.2694243070362472;0.4518905526534326
5;0.11458333333333334;8;1;84;0.7142857142857144;0.8337053571428573;0.4518905526534326
5;0.11979166666666669;0;1;85;0.7142857142857144;0.43625388695811224;0.4518905526534326
5;0.12500000000000003;9;1;86;0.7142857142857144;0.3114010209869541;0.4518905526534326
5;0.13020833333333334;9;1;88;0.7142857142857144;0.05224408891405924;0.4518905526534326
5;0.13541666666666669;9;1;89;0.7142857142857144;0.15382134795227342;0.4518905526534326
5;0.14062500000000003;9;1;91;0.7142857142857144;0.5903420523138835;0.4518905526534326
5;0.14583333333333334;8;1;95;0.7142857142857144;0.7639751552795032;0.4518905526534326
5;0.15104166666666666;9;1;96;0.7142857142857144;0.19047619047619047;0.4518905526534326
5;0.15625000000000003;9;1;97;0.7142857142857144;0.21038961038961035;0.4518905526534326
5;0.16145833333333334;3;1;100;0.7142857142857144;0.5889400921658987;0.4518905526534326
5;0.16666666666666666;8;1;101;0.7142857142857144;0.7142857142857144;0.4518905526534326
5;0.17187500000000003;9;1;102;0.7142857142857144;0.13300492610837433;0.4518905526534326
5;0.17708333333333334;4;1;104;0.7142857142857144;0.4754063301967495;0.4518905526534326
5;0.18229166666666669;9;1;106;0.7142857142857144;0.17454247473367918;0.4518905526534326
5;0.18750000000000003;9;1;108;0.7142857142857144;0.26645587812589816;0.4518905526534326
5;0.19270833333333334;0;1;110;0.7142857142857144;0.23168710639708323;0.4518905526534326
5;0.19791666666666669;5;1;49;0.7142857142857144;0.40816326530612246;0.4518905526534326
5;0.203125;8;1;50;0.7142857142857144;0.43921916592724064;0.4518905526534326
5;0.20833333333333334;1;1;51;0.7142857142857144;0.5046562314246088;0.4518905526534326
5;0.21875;0;3;0;0.7142857142857144;0.6392923158172699;0.5116468666624672
5;0.22916666666666669;0;3;2;0.7142857142857144;0.7210789210789211;0.7781500885613044
5;0.24479166666666669;0;3;5;0.7142857142857144;0.6687500000000002;0.11250481001186774
5;0.265625;9;3;7;0.7142857142857144;0.6460554371002134;0.23151371974878981
5;0.2760416666666667;9;3;13;0.7142857142857144;0.59060221442074;0.037064112069445265
5;0.296875;9;3;17;0.7142857142857144;0.671983356449376;0.6276485631262958
5;0.3020833333333333;9;3;18;0.7142857142857144;0.6525896414342631;0.9144893235708629
5;0.3125;9;3;20;0.7142857142857144;0.4802065404475043;0.8108040702119766
5;0.3229166666666667;0;3;21;0.7142857142857144;0.6962406015037595;0.9888742069628709
5;0.34375;9;3;23;0.7142857142857144;0.7689678742310322;0.8833561914827671
5;0.375;9;3;30;0.7142857142857144;0.6618266978922718;0.8816809691297285
5;0.3958333333333333;8;3;32;0.7142857142857144;0.5387755102040818;0.5642776155458783
5;0.4010416666666667;8;3;33;0.7142857142857144;0.463917525773196;0.7275901189362558
5;0.40625;6;3;37;0.7142857142857144;0.618638871857756;0.8382270203287541
5;0.4375;8;3;48;0.7142857142857144;0.6197711128650357;0.892733391054189
5;0.4427083333333333;0;3;55;0.7142857142857144;0.40504382592649557;0.1327974127225801
5;0.4583333333333333;0;3;58;0.7142857142857144;0.39130434782608703;0.8820169594743852
5;0.46354166666666663;0;3;53;0.7142857142857144;0.5777027027027029;0.8621656440603761
5;0.47916666666666663;0;3;63;0.7142857142857144;0.5380742605412209;0.3311665596672751
5;0.484375;9;3;64;0.7142857142857144;0.28881265906827486;0.36118386132963953
5;0.5104166666666666;6;3;70;0.7142857142857144;0.2603672189879088;0.8917121586790193
5;0.5260416666666666;9;3;73;0.7142857142857144;0.2396103896103895;0.3741224412504796
5;0.5416666666666666;8;3;77;0.7142857142857144;0.6149068322981366;0.7275901189362558
5;0.546875;2;3;78;0.7142857142857144;0.2204081632653062;0.8555247738703653
5;0.5572916666666666;3;3;80;0.7142857142857144;0.2678571428571428;0.6271399680413817
5;0.5677083333333333;8;3;84;0.7142857142857144;0.7555228276877761;0.3741224412504796
5;0.5729166666666666;0;3;85;0.7142857142857144;0.33299999999999985;0.993837024265146
5;0.59375;9;3;91;0.7142857142857144;0.24228284278535533;0.3741224412504796
5;0.5989583333333333;2;3;94;0.7142857142857144;0.3089430894308944;0.3741224412504796
5;0.6041666666666666;8;3;95;0.7142857142857144;0.5766806722689076;0.8667131029590942
5;0.6145833333333333;8;3;101;0.7142857142857144;0.8423645320197046;0.3741224412504796
5;0.6197916666666666;4;3;103;0.7142857142857144;0.35907335907335913;0.07846812392635033
5;0.6302083333333333;9;3;105;0.7142857142857144;0.23827909542195264;0.3741224412504796
5;0.640625;9;3;108;0.7142857142857144;0.2872841444270017;0.3741224412504796
5;0.6458333333333333;0;3;110;0.7142857142857144;0.49229952203929905;0.3741224412504796
5;0.6510416666666667;5;3;49;0.7142857142857144;0.4426229508196721;0.3741224412504796
5;0.65625;8;3;50;0.7142857142857144;0.41404358353510906;0.3741224412504796
5;0.6614583333333333;1;3;51;0.7142857142857144;0.8200224971878516;0.3741224412504796
4;0.0;0;0;40;0.5714285714285715;0.6059113300492611;0.4518905526534326
4;0.00520833333333337;1;0;45;0.5714285714285715;0.40227005870841476;0.4518905526534326
4;0.010416666666666685;6;0;47;0.5714285714285715;0.6798623063683304;0.4518905526534326
4;0.015625;6;0;46;0.5714285714285715;0.6798880842659647;0.4518905526534326
4;0.02083333333333337;8;0;48;0.5714285714285715;0.6468875951634572;0.4518905526534326
4;0.026041666666666685;0;0;55;0.5714285714285715;0.4551579137747837;0.4518905526534326
4;0.03125;0;0;56;0.5714285714285715;0.4971428571428573;0.4518905526534326
4;0.03645833333333337;9;0;57;0.5714285714285715;0.21038961038961035;0.4518905526534326
4;0.04166666666666674;0;0;58;0.5714285714285715;0.20816326530612256;0.4518905526534326
4;0.046875;0;0;53;0.5714285714285715;0.3474903474903474;0.4518905526534326
4;0.05208333333333337;4;0;54;0.5714285714285715;0.3261324041811847;0.4518905526534326
4;0.05729166666666674;0;0;63;0.5714285714285715;0.23376623376623384;0.4518905526534326
4;0.0625;9;0;64;0.5714285714285715;0.5513897866839045;0.4518905526534326
4;0.06770833333333337;9;0;66;0.5714285714285715;0.07098278581715917;0.4518905526534326
4;0.07291666666666669;0;0;68;0.5714285714285715;0.5458392101551481;0.4518905526534326
4;0.078125;6;0;70;0.5714285714285715;0.3601066982809721;0.4518905526534326
4;0.08333333333333337;9;0;73;0.5714285714285715;0.3695255474452557;0.4518905526534326
4;0.08854166666666669;9;0;75;0.5714285714285715;0.3825265643447461;0.4518905526534326
4;0.09375;8;0;76;0.5714285714285715;0.5336999616319222;0.4518905526534326
4;0.09895833333333334;8;0;77;0.5714285714285715;0.673469387755102;0.4518905526534326
4;0.10416666666666669;0;0;79;0.5714285714285715;0.41673127070265714;0.4518905526534326
4;0.10937500000000003;9;0;83;0.5714285714285715;0.4709897610921503;0.4518905526534326
4;0.11458333333333334;8;0;84;0.5714285714285715;0.6973365617433417;0.4518905526534326
4;0.11979166666666669;0;0;85;0.5714285714285715;0.42806722689075644;0.4518905526534326
4;0.12500000000000003;9;0;86;0.5714285714285715;0.4349979916990226;0.4518905526534326
4;0.13020833333333334;9;0;88;0.5714285714285715;0.3726179213407218;0.4518905526534326
4;0.13541666666666669;9;0;89;0.5714285714285715;0.3032581453634086;0.4518905526534326
4;0.14062500000000003;9;0;92;0.5714285714285715;0.3982773982773983;0.4518905526534326
4;0.14583333333333334;8;0;95;0.5714285714285715;0.5541871921182268;0.4518905526534326
4;0.15104166666666666;9;0;96;0.5714285714285715;0.1925133689839571;0.4518905526534326
4;0.16145833333333334;2;0;98;0.5714285714285715;0.3107142857142858;0.4518905526534326
4;0.16666666666666666;3;0;100;0.5714285714285715;0.45578231292517;0.4518905526534326
4;0.17187500000000003;8;0;101;0.5714285714285715;0.8274398868458275;0.4518905526534326
4;0.17708333333333334;9;0;102;0.5714285714285715;0.3161592505854802;0.4518905526534326
4;0.18229166666666669;4;0;104;0.5714285714285715;0.7113729643850129;0.4518905526534326
4;0.18750000000000003;9;0;106;0.5714285714285715;0.1564625850340135;0.4518905526534326
4;0.19270833333333334;8;0;107;0.5714285714285715;0.0889487870619945;0.4518905526534326
4;0.19791666666666669;9;0;108;0.5714285714285715;0.3111203665139525;0.4518905526534326
4;0.203125;0;0;110;0.5714285714285715;0.448051948051948;0.4518905526534326
4;0.20833333333333334;5;0;49;0.5714285714285715;0.5217391304347827;0.4518905526534326
4;0.21354166666666669;8;0;50;0.5714285714285715;0.7261904761904765;0.4518905526534326
4;0.21875;1;0;51;0.5714285714285715;0.3795180722891565;0.4518905526534326
4;0.22395833333333334;0;2;3;0.5714285714285715;0.4833844267320662;0.0
4;0.22916666666666669;0;2;0;0.5714285714285715;0.6738336024475229;0.17924570651092397
4;0.25520833333333337;0;2;5;0.5714285714285715;0.6090678655124587;0.9293547249349208
4;0.265625;2;2;9;0.5714285714285715;0.5525606469002697;0.4083737098809317
4;0.2760416666666667;9;2;7;0.5714285714285715;0.5758928571428573;0.10819815186757048
4;0.296875;9;2;15;0.5714285714285715;0.5748190231833593;0.5135964824624014
4;0.3177083333333333;0;2;19;0.5714285714285715;0.5573539760731878;0.27635251954795803
4;0.3385416666666667;9;2;22;0.5714285714285715;0.7135197242435849;0.803430429414907
4;0.3489583333333333;9;2;25;0.5714285714285715;0.5596638655462186;0.6278072966241355
4;0.3697916666666667;9;2;28;0.5714285714285715;0.6279069767441862;0.7928236877969701
4;0.3802083333333333;9;2;31;0.5714285714285715;0.6958227555965846;0.6707380512237461
4;0.390625;9;2;11;0.5714285714285715;0.6120000000000001;0.4597144945632601
4;0.4010416666666667;6;2;37;0.5714285714285715;0.4771162903031035;0.16064771102536668
4;0.4166666666666667;1;2;45;0.5714285714285715;0.3525345622119816;0.5577850807043948
4;0.4375;0;2;55;0.5714285714285715;0.3733685810037261;0.3323339338341863
4;0.4583333333333333;0;2;53;0.5714285714285715;0.5979157620495007;0.4217658050589142
4;0.4739583333333333;9;2;64;0.5714285714285715;0.3200290275761974;0.40020604730662757
4;0.47916666666666663;2;2;65;0.5714285714285715;0.2432432432432433;0.49731554440936493
4;0.4895833333333333;0;2;68;0.5714285714285715;0.35594160044354084;0.5857585612134777
4;0.49479166666666663;0;2;69;0.5714285714285715;0.6824034334763949;0.5857585612134777
4;0.5;6;2;70;0.5714285714285715;0.32407215426083363;0.5876423837300483
4;0.5104166666666666;2;2;72;0.5714285714285715;0.377196935556557;0.5857585612134777
4;0.5208333333333333;9;2;74;0.5714285714285715;0.36095459065296664;0.5857585612134777
4;0.5260416666666666;8;2;76;0.5714285714285715;0.5358708041031898;0.5857585612134777
4;0.53125;0;2;79;0.5714285714285715;0.4207403891789274;0.5857585612134777
4;0.5416666666666666;8;2;84;0.5714285714285715;0.8503401360544219;0.5857585612134777
4;0.546875;0;2;85;0.5714285714285715;0.2981712165385634;0.5857585612134777
4;0.5520833333333333;9;2;86;0.5714285714285715;0.5259740259740262;0.5857585612134777
4;0.5572916666666666;8;2;87;0.5714285714285715;0.37104506232023005;0.5857585612134777
4;0.5625;9;2;88;0.5714285714285715;0.4276253547776727;0.5857585612134777
4;0.5677083333333333;9;2;92;0.5714285714285715;0.2560356758419191;0.5857585612134777
4;0.5729166666666666;8;2;93;0.5714285714285715;0.4500000000000002;0.5857585612134777
4;0.578125;2;2;94;0.5714285714285715;0.42281105990783424;0.5857585612134777
4;0.5833333333333333;8;2;95;0.5714285714285715;0.6279069767441862;0.5857585612134777
4;0.5885416666666666;9;2;96;0.5714285714285715;0.21124311793682998;0.5857585612134777
4;0.59375;8;2;101;0.5714285714285715;0.7513914656771803;0.5857585612134777
4;0.5989583333333333;4;2;103;0.5714285714285715;0.41163184641445505;0.5857585612134777
4;0.6041666666666666;4;2;104;0.5714285714285715;0.514463832173368;0.5857585612134777
4;0.609375;9;2;105;0.5714285714285715;0.1355685131195335;0.5857585612134777
4;0.6145833333333333;9;2;106;0.5714285714285715;0.3794828731733753;0.5857585612134777
4;0.6197916666666666;9;2;108;0.5714285714285715;0.2817014446227929;0.5857585612134777
4;0.625;0;2;110;0.5714285714285715;0.43653474903474904;0.5857585612134777
4;0.6302083333333333;5;2;49;0.5714285714285715;0.27515286270150074;0.5857585612134777
4;0.6354166666666666;8;2;50;0.5714285714285715;0.2571428571428571;0.5857585612134777
4;0.640625;1;2;51;0.5714285714285715;0.8062953995157388;0.5857585612134777
4;0.6510416666666667;4;2;43;0.5714285714285715;0.5742361684558217;0.7322330506088907
3;0.0;0;0;40;0.42857142857142866;0.5579514824797843;0.4518905526534326
3;0.00520833333333337;8;0;44;0.42857142857142866;0.3799915206394332;0.4518905526534326
3;0.010416666666666685;1;0;45;0.42857142857142866;0.5021395655036209;0.4518905526534326
3;0.015625;6;0;47;0.42857142857142866;0.7445462549320118;0.4518905526534326
3;0.02083333333333337;6;0;46;0.42857142857142866;0.6399936366528796;0.4518905526534326
3;0.026041666666666685;8;0;48;0.42857142857142866;0.6434285714285716;0.4518905526534326
3;0.03125;0;0;55;0.42857142857142866;0.5319980459208599;0.4518905526534326
3;0.03645833333333337;0;0;56;0.42857142857142866;0.37794348508634235;0.4518905526534326
3;0.04166666666666674;9;0;57;0.42857142857142866;0.11020408163265294;0.4518905526534326
3;0.046875;0;0;58;0.42857142857142866;0.3970588235294118;0.4518905526534326
3;0.05208333333333337;0;0;53;0.42857142857142866;0.277992277992278;0.4518905526534326
3;0.05729166666666674;4;0;54;0.42857142857142866;0.49598715890850736;0.4518905526534326
3;0.0625;0;0;63;0.42857142857142866;0.4344422700587086;0.4518905526534326
3;0.06770833333333337;9;0;64;0.42857142857142866;0.6092507829438689;0.4518905526534326
3;0.07291666666666669;9;0;66;0.42857142857142866;0.2303235152100434;0.4518905526534326
3;0.078125;0;0;68;0.42857142857142866;0.5541095204725199;0.4518905526534326
3;0.08333333333333337;6;0;70;0.42857142857142866;0.4828097213989331;0.4518905526534326
3;0.08854166666666669;9;0;73;0.42857142857142866;0.5003648037355902;0.4518905526534326
3;0.09375;9;0;75;0.42857142857142866;0.29747899159663876;0.4518905526534326
3;0.09895833333333334;8;0;76;0.42857142857142866;0.5708342725987255;0.4518905526534326
3;0.10416666666666669;8;0;77;0.42857142857142866;0.6830357142857144;0.4518905526534326
3;0.10937500000000003;0;0;79;0.42857142857142866;0.51994851994852;0.4518905526534326
3;0.11458333333333334;3;0;81;0.42857142857142866;0.6585365853658538;0.4518905526534326
3;0.11979166666666669;9;0;83;0.42857142857142866;0.5000407930162358;0.4518905526534326
3;0.12500000000000003;8;0;84;0.42857142857142866;0.7274167987321711;0.4518905526534326
3;0.13020833333333334;0;0;85;0.42857142857142866;0.5168316831683168;0.4518905526534326
3;0.13541666666666669;9;0;86;0.42857142857142866;0.5531173548817556;0.4518905526534326
3;0.14062500000000003;9;0;88;0.42857142857142866;0.48443877551020414;0.4518905526534326
3;0.14583333333333334;9;0;89;0.42857142857142866;0.4024390243902439;0.4518905526534326
3;0.15104166666666666;9;0;92;0.42857142857142866;0.4265964450296247;0.4518905526534326
3;0.15625000000000003;8;0;95;0.42857142857142866;0.9196125907990317;0.4518905526534326
3;0.16145833333333334;9;0;96;0.42857142857142866;0.05709910304091015;0.4518905526534326
3;0.16666666666666666;9;0;97;0.42857142857142866;0.29171668667467;0.4518905526534326
3;0.17187500000000003;2;0;98;0.42857142857142866;0.21735571019238653;0.4518905526534326
3;0.17708333333333334;3;0;100;0.42857142857142866;0.7232142857142858;0.4518905526534326
3;0.18229166666666669;8;0;101;0.42857142857142866;0.8742857142857143;0.4518905526534326
3;0.18750000000000003;9;0;102;0.42857142857142866;0.3414043583535111;0.4518905526534326
3;0.19270833333333334;4;0;104;0.42857142857142866;0.647739602169982;0.4518905526534326
3;0.19791666666666669;9;0;106;0.42857142857142866;0.41256366723259774;0.4518905526534326
3;0.203125;8;0;107;0.42857142857142866;0.5753749013417524;0.4518905526534326
3;0.20833333333333334;9;0;108;0.42857142857142866;0.3582629674306393;0.4518905526534326
3;0.21354166666666669;0;0;110;0.42857142857142866;0.6117338421178157;0.4518905526534326
3;0.21875;5;0;49;0.42857142857142866;0.41867370504783896;0.4518905526534326
3;0.22395833333333334;8;0;50;0.42857142857142866;0.6039867109634554;0.4518905526534326
3;0.22916666666666669;1;0;51;0.42857142857142866;0.47142857142857153;0.4518905526534326
3;0.25520833333333337;2;2;4;0.42857142857142866;0.7565457050987598;0.6887895420321469
3;0.265625;0;2;5;0.42857142857142866;0.6703060126095648;0.4940925875804691
3;0.2760416666666667;2;2;9;0.42857142857142866;0.699144173798552;0.47829347822444296
3;0.3020833333333333;0;2;14;0.42857142857142866;0.7060889929742391;0.7730474733223536
3;0.3072916666666667;9;2;15;0.42857142857142866;0.7007398975526468;0.6032019044175486
3;0.359375;9;2;25;0.42857142857142866;0.6039183673469389;0.6492846603977506
3;0.3697916666666667;9;2;26;0.42857142857142866;0.7413972888425446;0.7762659867350918
3;0.3854166666666667;9;2;30;0.42857142857142866;0.6834838024429104;0.5593701456484604
3;0.4010416666666667;9;2;11;0.42857142857142866;0.7139599283270892;0.8479787659682612
3;0.4375;6;2;37;0.42857142857142866;0.6320445609436437;0.36930142668658816
3;0.4583333333333333;6;2;47;0.42857142857142866;0.6609032936690553;0.4217658050589142
3;0.4739583333333333;0;2;55;0.42857142857142866;0.479130734736116;0.40020604730662757
3;0.47916666666666663;0;2;56;0.42857142857142866;0.6635944700460831;0.49731554440936493
3;0.4895833333333333;0;2;58;0.42857142857142866;0.31274131274131267;0.5857585612134777
3;0.49479166666666663;0;2;53;0.42857142857142866;0.6328437917222965;0.5857585612134777
3;0.5;7;2;61;0.42857142857142866;0.4834646485589882;0.5876423837300483
3;0.5104166666666666;9;2;64;0.42857142857142866;0.4299170217537566;0.5857585612134777
3;0.5208333333333333;9;2;66;0.42857142857142866;0.39565714285714304;0.5857585612134777
3;0.5260416666666666;0;2;68;0.42857142857142866;0.41954887218045106;0.5857585612134777
3;0.53125;0;2;69;0.42857142857142866;0.7953038178885107;0.5857585612134777
3;0.5416666666666666;2;2;71;0.42857142857142866;0.4945054945054945;0.5857585612134777
3;0.546875;2;2;72;0.42857142857142866;0.39795918367346944;0.5857585612134777
3;0.5520833333333333;9;2;73;0.42857142857142866;0.48165223350570063;0.5857585612134777
3;0.5572916666666666;9;2;74;0.42857142857142866;0.642857142857143;0.5857585612134777
3;0.5625;8;2;76;0.42857142857142866;0.6008854781582057;0.5857585612134777
3;0.5677083333333333;2;2;78;0.42857142857142866;0.1572456320657758;0.5857585612134777
3;0.5729166666666666;0;2;79;0.42857142857142866;0.5306990881458968;0.5857585612134777
3;0.578125;9;2;83;0.42857142857142866;0.07512038523274472;0.5857585612134777
3;0.5833333333333333;8;2;84;0.42857142857142866;0.928355632283125;0.5857585612134777
3;0.5885416666666666;0;2;85;0.42857142857142866;0.5670241286863271;0.5857585612134777
3;0.59375;9;2;86;0.42857142857142866;0.5269883654396339;0.5857585612134777
3;0.5989583333333333;8;2;87;0.42857142857142866;0.35097001763668445;0.5857585612134777
3;0.6041666666666666;9;2;88;0.42857142857142866;0.5321109912736542;0.5857585612134777
3;0.609375;2;2;94;0.42857142857142866;0.5711554220158428;0.5857585612134777
3;0.6145833333333333;9;2;96;0.42857142857142866;0.2716607601124281;0.5857585612134777
3;0.6197916666666666;8;2;101;0.42857142857142866;0.9763694951664879;0.5857585612134777
3;0.625;4;2;103;0.42857142857142866;0.25396825396825395;0.5857585612134777
3;0.6302083333333333;4;2;104;0.42857142857142866;0.5218487394957982;0.5857585612134777
3;0.6354166666666666;9;2;105;0.42857142857142866;0.409553995924836;0.5857585612134777
3;0.640625;9;2;106;0.42857142857142866;0.5939849624060152;0.5857585612134777
3;0.65625;0;2;110;0.42857142857142866;0.6330148497755267;0.5857585612134777
3;0.6614583333333333;5;2;49;0.42857142857142866;0.3679245283018869;0.5857585612134777
3;0.6666666666666667;8;2;50;0.42857142857142866;0.5954887218045115;0.5857585612134777
3;0.671875;1;2;51;0.42857142857142866;0.7775268210050821;0.5857585612134777
3;0.6822916666666667;4;2;43;0.42857142857142866;0.626882855224024;0.7754360546331206
2;0.0;0;1;40;0.2857142857142858;0.3453536754507629;0.4518905526534326
2;0.00520833333333337;8;1;44;0.2857142857142858;0.4821428571428572;0.4518905526534326
2;0.010416666666666685;1;1;45;0.2857142857142858;0.4860725481415136;0.4518905526534326
2;0.015625;6;1;47;0.2857142857142858;0.6663326999481776;0.4518905526534326
2;0.02083333333333337;6;1;46;0.2857142857142858;0.6856646538175202;0.4518905526534326
2;0.026041666666666685;8;1;48;0.2857142857142858;0.5377036756347101;0.4518905526534326
2;0.03125;0;1;55;0.2857142857142858;0.5310607371517564;0.4518905526534326
2;0.03645833333333337;0;1;56;0.2857142857142858;0.3982544786403309;0.4518905526534326
2;0.04166666666666674;9;1;57;0.2857142857142858;0.2063492063492064;0.4518905526534326
2;0.046875;0;1;58;0.2857142857142858;0.3322632423756019;0.4518905526534326
2;0.05208333333333337;0;1;53;0.2857142857142858;0.3362637362637363;0.4518905526534326
2;0.05729166666666674;4;1;54;0.2857142857142858;0.5091937765205091;0.4518905526534326
2;0.0625;0;1;63;0.2857142857142858;0.3064579256360078;0.4518905526534326
2;0.06770833333333337;9;1;64;0.2857142857142858;0.5702644270746715;0.4518905526534326
2;0.07291666666666669;9;1;66;0.2857142857142858;0.17420650415574268;0.4518905526534326
2;0.078125;0;1;68;0.2857142857142858;0.5049009384775809;0.4518905526534326
2;0.08333333333333337;6;1;70;0.2857142857142858;0.44128030124735235;0.4518905526534326
2;0.08854166666666669;2;1;71;0.2857142857142858;0.27533949778040245;0.4518905526534326
2;0.09375;9;1;73;0.2857142857142858;0.39248120300751893;0.4518905526534326
2;0.09895833333333334;9;1;75;0.2857142857142858;0.38057142857142867;0.4518905526534326
2;0.10416666666666669;8;1;76;0.2857142857142858;0.489676665368134;0.4518905526534326
2;0.10937500000000003;8;1;77;0.2857142857142858;0.6314454775993239;0.4518905526534326
2;0.11458333333333334;0;1;79;0.2857142857142858;0.4659930313588852;0.4518905526534326
2;0.11979166666666669;3;1;81;0.2857142857142858;0.4876847290640396;0.4518905526534326
2;0.12500000000000003;9;1;83;0.2857142857142858;0.5547420398433511;0.4518905526534326
2;0.13020833333333334;8;1;84;0.2857142857142858;0.7305194805194806;0.4518905526534326
2;0.13541666666666669;0;1;85;0.2857142857142858;0.5411982975008185;0.4518905526534326
2;0.14062500000000003;9;1;86;0.2857142857142858;0.6351735913488903;0.4518905526534326
2;0.14583333333333334;9;1;88;0.2857142857142858;0.5010167768174887;0.4518905526534326
2;0.15104166666666666;9;1;89;0.2857142857142858;0.5519647447668012;0.4518905526534326
2;0.15625000000000003;9;1;92;0.2857142857142858;0.40675324675324687;0.4518905526534326
2;0.16145833333333334;8;1;95;0.2857142857142858;0.7066258138644198;0.4518905526534326
2;0.16666666666666666;9;1;96;0.2857142857142858;0.05857249546569915;0.4518905526534326
2;0.17187500000000003;9;1;97;0.2857142857142858;0.22119815668202775;0.4518905526534326
2;0.17708333333333334;2;1;98;0.2857142857142858;0.3406593406593406;0.4518905526534326
2;0.18229166666666669;3;1;100;0.2857142857142858;0.6083623693379792;0.4518905526534326
2;0.18750000000000003;8;1;101;0.2857142857142858;0.47230320699708456;0.4518905526534326
2;0.19270833333333334;9;1;102;0.2857142857142858;0.3109243697478992;0.4518905526534326
2;0.19791666666666669;4;1;104;0.2857142857142858;0.6363306744017406;0.4518905526534326
2;0.203125;9;1;106;0.2857142857142858;0.24412296564195288;0.4518905526534326
2;0.20833333333333334;8;1;107;0.2857142857142858;0.5008605851979346;0.4518905526534326
2;0.21354166666666669;9;1;108;0.2857142857142858;0.2334293948126802;0.4518905526534326
2;0.21875;0;1;110;0.2857142857142858;0.5777644949193066;0.4518905526534326
2;0.22395833333333334;5;1;49;0.2857142857142858;0.37307297019527236;0.4518905526534326
2;0.22916666666666669;8;1;50;0.2857142857142858;0.5732838589981447;0.4518905526534326
2;0.234375;1;1;51;0.2857142857142858;0.5131578947368423;0.4518905526534326
2;0.25;0;3;0;0.2857142857142858;0.7129945587014666;0.9195936040877468
2;0.2760416666666667;0;3;5;0.2857142857142858;0.5862516978680682;0.19809596651151395
2;0.2864583333333333;2;3;9;0.2857142857142858;0.6460554371002134;0.5140501279440131
2;0.2916666666666667;2;3;6;0.2857142857142858;0.6498257839721255;0.5183970359993981
2;0.296875;9;3;7;0.2857142857142858;0.6923076923076925;0.9140501922516244
2;0.3125;0;3;14;0.2857142857142858;0.6217303822937628;0.7533073656555949
2;0.3177083333333333;9;3;15;0.2857142857142858;0.5944341372912801;0.06564571704393807
2;0.3697916666666667;9;3;25;0.2857142857142858;0.5594554699032313;0.2992556521841564
2;0.3802083333333333;9;3;26;0.2857142857142858;0.4537815126050422;1.0
2;0.390625;9;3;28;0.2857142857142858;0.5714285714285715;0.7231796732428428
2;0.3958333333333333;9;3;30;0.2857142857142858;0.6402544823597456;0.385069215488135
2;0.4010416666666667;9;3;31;0.2857142857142858;0.5706260032102731;0.5901621136322617
2;0.4166666666666667;8;3;32;0.2857142857142858;0.7005988023952097;0.10579650572837901
2;0.4375;6;3;36;0.2857142857142858;0.6488740830629187;0.892733391054189
2;0.4427083333333333;6;3;35;0.2857142857142858;0.5150315148129176;0.1327974127225801
2;0.47916666666666663;6;3;46;0.2857142857142858;0.5049062732625027;0.3311665596672751
2;0.484375;8;3;48;0.2857142857142858;0.7723137447750187;0.36118386132963953
2;0.5104166666666666;0;3;53;0.2857142857142858;0.6201486374896781;0.8917121586790193
2;0.5260416666666666;9;3;64;0.2857142857142858;0.37677760590788895;0.3741224412504796
2;0.5416666666666666;0;3;68;0.2857142857142858;0.4013523923649748;0.7275901189362558
2;0.546875;0;3;69;0.2857142857142858;0.7639751552795032;0.8555247738703653
2;0.5572916666666666;2;3;71;0.2857142857142858;0.45072697899838465;0.6271399680413817
2;0.5677083333333333;9;3;73;0.2857142857142858;0.561447286338116;0.3741224412504796
2;0.5729166666666666;9;3;74;0.2857142857142858;0.5450594030715736;0.993837024265146
2;0.59375;9;3;83;0.2857142857142858;0.22390356501667102;0.3741224412504796
2;0.5989583333333333;8;3;84;0.2857142857142858;0.7758620689655173;0.3741224412504796
2;0.6041666666666666;0;3;85;0.2857142857142858;0.36077078624955405;0.8667131029590942
2;0.6145833333333333;8;3;87;0.2857142857142858;0.542857142857143;0.3741224412504796
2;0.6197916666666666;9;3;88;0.2857142857142858;0.5978530140379854;0.07846812392635033
2;0.6302083333333333;9;3;96;0.2857142857142858;0.29824862637362626;0.3741224412504796
2;0.640625;8;3;101;0.2857142857142858;0.9160714285714286;0.3741224412504796
2;0.6458333333333333;4;3;103;0.2857142857142858;0.45338345864661656;0.3741224412504796
2;0.6510416666666667;4;3;104;0.2857142857142858;0.5198670204264298;0.3741224412504796
2;0.65625;9;3;105;0.2857142857142858;0.5053674649050373;0.3741224412504796
2;0.6614583333333333;9;3;106;0.2857142857142858;0.5294117647058826;0.3741224412504796
2;0.6770833333333333;7;3;109;0.2857142857142858;0.046923879040667416;0.3741224412504796
2;0.6822916666666667;0;3;110;0.2857142857142858;0.5652628278817012;0.3741224412504796
2;0.6875;5;3;49;0.2857142857142858;0.3160305343511451;0.3741224412504796
2;0.6927083333333333;8;3;50;0.2857142857142858;0.5243415802075022;0.3741224412504796
2;0.6979166666666667;1;3;51;0.2857142857142858;0.8638392857142858;0.3741224412504796
1;0.0;0;1;40;0.1428571428571429;0.42136854741896757;0.4518905526534326
1;0.00520833333333337;0;1;42;0.1428571428571429;0.23615160349854225;0.4518905526534326
1;0.010416666666666685;8;1;44;0.1428571428571429;0.46091644204851745;0.4518905526534326
1;0.015625;1;1;45;0.1428571428571429;0.48401162790697666;0.4518905526534326
1;0.02083333333333337;6;1;47;0.1428571428571429;0.6965919986054215;0.4518905526534326
1;0.026041666666666685;6;1;46;0.1428571428571429;0.6940581542351454;0.4518905526534326
1;0.03125;8;1;48;0.1428571428571429;0.5203791469194314;0.4518905526534326
1;0.03645833333333337;0;1;55;0.1428571428571429;0.4458273416968315;0.4518905526534326
1;0.04166666666666674;0;1;56;0.1428571428571429;0.3958266452648476;0.4518905526534326
1;0.046875;9;1;57;0.1428571428571429;0.2805194805194806;0.4518905526534326
1;0.05208333333333337;0;1;58;0.1428571428571429;0.3277310924369748;0.4518905526534326
1;0.05729166666666674;0;1;53;0.1428571428571429;0.46753246753246747;0.4518905526534326
1;0.0625;4;1;54;0.1428571428571429;0.6342857142857145;0.4518905526534326
1;0.06770833333333337;9;1;59;0.1428571428571429;0.5294117647058826;0.4518905526534326
1;0.07291666666666669;0;1;63;0.1428571428571429;0.4054054054054056;0.4518905526534326
1;0.078125;9;1;64;0.1428571428571429;0.467312348668281;0.4518905526534326
1;0.08333333333333337;9;1;66;0.1428571428571429;0.2044069674401427;0.4518905526534326
1;0.08854166666666669;0;1;68;0.1428571428571429;0.4006281815227988;0.4518905526534326
1;0.09375;0;1;69;0.1428571428571429;0.4968768581669678;0.4518905526534326
1;0.09895833333333334;6;1;70;0.1428571428571429;0.3023879346459991;0.4518905526534326
1;0.10416666666666669;2;1;71;0.1428571428571429;0.36237897557000653;0.4518905526534326
1;0.10937500000000003;9;1;73;0.1428571428571429;0.32328159645232823;0.4518905526534326
1;0.11458333333333334;9;1;75;0.1428571428571429;0.2806841046277665;0.4518905526534326
1;0.11979166666666669;8;1;76;0.1428571428571429;0.5143170464237846;0.4518905526534326
1;0.12500000000000003;8;1;77;0.1428571428571429;0.5814376706096451;0.4518905526534326
1;0.13020833333333334;0;1;79;0.1428571428571429;0.41162002260187464;0.4518905526534326
1;0.13541666666666669;3;1;81;0.1428571428571429;0.30252100840336144;0.4518905526534326
1;0.14062500000000003;0;1;82;0.1428571428571429;0.5045707476310856;0.4518905526534326
1;0.14583333333333334;9;1;83;0.1428571428571429;0.47403437442247287;0.4518905526534326
1;0.15104166666666666;8;1;84;0.1428571428571429;0.6471144749290445;0.4518905526534326
1;0.15625000000000003;0;1;85;0.1428571428571429;0.4633928571428571;0.4518905526534326
1;0.16145833333333334;9;1;86;0.1428571428571429;0.5471250740960286;0.4518905526534326
1;0.16666666666666666;8;1;87;0.1428571428571429;0.3867595818815331;0.4518905526534326
1;0.17187500000000003;9;1;88;0.1428571428571429;0.3815719596388741;0.4518905526534326
1;0.17708333333333334;9;1;89;0.1428571428571429;0.3857142857142858;0.4518905526534326
1;0.18229166666666669;9;1;92;0.1428571428571429;0.10373733845616478;0.4518905526534326
1;0.18750000000000003;8;1;95;0.1428571428571429;0.6728676728676729;0.4518905526534326
1;0.19270833333333334;9;1;96;0.1428571428571429;0.08248956283890779;0.4518905526534326
1;0.19791666666666669;9;1;97;0.1428571428571429;0.27897574123989227;0.4518905526534326
1;0.203125;2;1;98;0.1428571428571429;0.4393193013882668;0.4518905526534326
1;0.20833333333333334;3;1;100;0.1428571428571429;0.6164383561643836;0.4518905526534326
1;0.21354166666666669;8;1;101;0.1428571428571429;0.23142857142857137;0.4518905526534326
1;0.21875;9;1;102;0.1428571428571429;0.4097331240188383;0.4518905526534326
1;0.22395833333333334;4;1;104;0.1428571428571429;0.44794832826747716;0.4518905526534326
1;0.22916666666666669;9;1;106;0.1428571428571429;0.24878048780487816;0.4518905526534326
1;0.234375;8;1;107;0.1428571428571429;0.7000508388408744;0.4518905526534326
1;0.23958333333333334;9;1;108;0.1428571428571429;0.30895167678901503;0.4518905526534326
1;0.24479166666666669;0;1;110;0.1428571428571429;0.4300725544158118;0.4518905526534326
1;0.25;5;1;49;0.1428571428571429;0.41413533834586463;0.4518905526534326
1;0.25520833333333337;8;1;50;0.1428571428571429;0.7142857142857144;0.4518905526534326
1;0.27083333333333337;0;3;0;0.1428571428571429;0.7142857142857144;0.9072769447058728
1;0.3072916666666667;2;3;9;0.1428571428571429;0.6149068322981366;0.6105972437004589
1;0.3125;2;3;6;0.1428571428571429;0.6458196181698486;0.8003449246851562
1;0.3385416666666667;0;3;14;0.1428571428571429;0.5990657843518882;0.3960283779843864
1;0.34375;9;3;15;0.1428571428571429;0.5291707761171384;0.23220548582056577
1;0.359375;9;3;18;0.1428571428571429;0.48055611525287145;0.21496395413328123
1;0.3645833333333333;0;3;19;0.1428571428571429;0.6717745921898173;0.2304568471214848
1;0.3854166666666667;9;3;22;0.1428571428571429;0.6597858589755957;0.9247894202188813
1;0.40625;9;3;26;0.1428571428571429;0.5665859564164649;0.8807950746021818
1;0.4114583333333333;0;3;27;0.1428571428571429;0.6266418691154251;0.09171205096961343
1;0.4270833333333333;9;3;31;0.1428571428571429;0.5720578980490875;0.38786659930849965
1;0.4583333333333333;6;3;34;0.1428571428571429;0.5787561518188205;0.8820169594743852
1;0.46354166666666663;6;3;36;0.1428571428571429;0.6096405891156124;0.8621656440603761
1;0.484375;4;3;38;0.1428571428571429;0.5433962264150943;0.36118386132963953
1;0.5104166666666666;8;3;48;0.1428571428571429;0.6402054044953279;0.8917121586790193
1;0.5260416666666666;9;3;57;0.1428571428571429;0.3657442034405385;0.3741224412504796
1;0.5416666666666666;7;3;61;0.1428571428571429;0.3656618610747052;0.7275901189362558
1;0.546875;0;3;63;0.1428571428571429;0.5261324041811846;0.8555247738703653
1;0.5572916666666666;2;3;65;0.1428571428571429;0.4371859296482414;0.6271399680413817
1;0.5677083333333333;0;3;68;0.1428571428571429;0.4632562559391829;0.3741224412504796
1;0.5729166666666666;0;3;69;0.1428571428571429;0.6570826433840133;0.993837024265146
1;0.59375;9;3;73;0.1428571428571429;0.3825944170771756;0.3741224412504796
1;0.5989583333333333;9;3;74;0.1428571428571429;0.605042016806723;0.3741224412504796
1;0.6041666666666666;8;3;76;0.1428571428571429;0.5438308526916121;0.8667131029590942
1;0.6145833333333333;0;3;79;0.1428571428571429;0.4041916167664671;0.3741224412504796
1;0.6197916666666666;9;3;83;0.1428571428571429;0.056890012642225096;0.07846812392635033
1;0.6302083333333333;0;3;85;0.1428571428571429;0.4084262969782304;0.3741224412504796
1;0.640625;9;3;88;0.1428571428571429;0.46997929606625277;0.3741224412504796
1;0.6458333333333333;2;3;94;0.1428571428571429;0.5886510701841714;0.3741224412504796
1;0.6510416666666667;9;3;96;0.1428571428571429;0.21069373458665414;0.3741224412504796
1;0.65625;4;3;99;0.1428571428571429;0.7714285714285717;0.3741224412504796
1;0.6614583333333333;8;3;101;0.1428571428571429;0.7649186256781195;0.3741224412504796
1;0.6770833333333333;9;3;105;0.1428571428571429;0.38535414165666276;0.3741224412504796
1;0.6822916666666667;9;3;106;0.1428571428571429;0.5164835164835164;0.3741224412504796
1;0.6875;8;3;107;0.1428571428571429;0.2268907563025211;0.3741224412504796
1;0.6927083333333333;9;3;108;0.1428571428571429;0.3740576068045621;0.3741224412504796
1;0.6979166666666667;7;3;109;0.1428571428571429;0.00467532467532461;0.3741224412504796
1;0.71875;1;3;51;0.1428571428571429;0.7752100840336137;0.3741224412504796
0;0.0;0;1;40;0.0;0.44984048209854677;0.4518905526534326
0;0.00520833333333337;0;1;41;0.0;0.31838614566705814;0.4518905526534326
0;0.010416666666666685;0;1;42;0.0;0.5320197044334976;0.4518905526534326
0;0.015625;8;1;44;0.0;0.4971428571428573;0.4518905526534326
0;0.02083333333333337;1;1;45;0.0;0.4961832061068704;0.4518905526534326
0;0.026041666666666685;6;1;47;0.0;0.578504626651492;0.4518905526534326
0;0.03125;6;1;46;0.0;0.6828087167070219;0.4518905526534326
0;0.03645833333333337;8;1;48;0.0;0.4410503054725076;0.4518905526534326
0;0.04166666666666674;1;1;52;0.0;0.30252100840336144;0.4518905526534326
0;0.046875;0;1;55;0.0;0.43813430212117677;0.4518905526534326
0;0.05208333333333337;0;1;56;0.0;0.499597747385358;0.4518905526534326
0;0.05729166666666674;9;1;57;0.0;0.31764705882352945;0.4518905526534326
0;0.0625;0;1;58;0.0;0.3435114503816793;0.4518905526534326
0;0.06770833333333337;0;1;53;0.0;0.5195694716242663;0.4518905526534326
0;0.07291666666666669;4;1;54;0.0;0.461858529819695;0.4518905526534326
0;0.078125;9;1;59;0.0;0.8961038961038963;0.4518905526534326
0;0.08333333333333337;9;1;60;0.0;0.041474654377880116;0.4518905526534326
0;0.08854166666666669;9;1;62;0.0;0.27533949778040245;0.4518905526534326
0;0.09375;0;1;63;0.0;0.45660881174899876;0.4518905526534326
0;0.09895833333333334;9;1;64;0.0;0.2971397053029705;0.4518905526534326
0;0.10416666666666669;9;1;66;0.0;0.23620371683926783;0.4518905526534326
0;0.10937500000000003;0;1;67;0.0;0.37518980884624914;0.4518905526534326
0;0.11458333333333334;0;1;68;0.0;0.47082494969818917;0.4518905526534326
0;0.11979166666666669;0;1;69;0.0;0.8370820668693011;0.4518905526534326
0;0.12500000000000003;6;1;70;0.0;0.24731182795698925;0.4518905526534326
0;0.13020833333333334;2;1;71;0.0;0.17374517374517368;0.4518905526534326
0;0.14062500000000003;9;1;73;0.0;0.28819659923048274;0.4518905526534326
0;0.14583333333333334;9;1;75;0.0;0.2355212355212355;0.4518905526534326
0;0.15104166666666666;8;1;76;0.0;0.44516331002817483;0.4518905526534326
0;0.15625000000000003;8;1;77;0.0;0.6136363636363638;0.4518905526534326
0;0.16145833333333334;0;1;79;0.0;0.43573133310603474;0.4518905526534326
0;0.16666666666666666;3;1;81;0.0;0.18367346938775503;0.4518905526534326
0;0.17187500000000003;0;1;82;0.0;0.40909090909090906;0.4518905526534326
0;0.17708333333333334;9;1;83;0.0;0.3840445269016698;0.4518905526534326
0;0.18229166666666669;8;1;84;0.0;0.631755999102938;0.4518905526534326
0;0.18750000000000003;0;1;85;0.0;0.45682888540031413;0.4518905526534326
0;0.19270833333333334;9;1;86;0.0;0.6425323034721722;0.4518905526534326
0;0.19791666666666669;9;1;88;0.0;0.38141663350577;0.4518905526534326
0;0.203125;9;1;89;0.0;0.3205282112845138;0.4518905526534326
0;0.20833333333333334;9;1;92;0.0;0.2525765022990329;0.4518905526534326
0;0.21354166666666669;8;1;95;0.0;0.737704918032787;0.4518905526534326
0;0.21875;9;1;96;0.0;0.14436500714935646;0.4518905526534326
0;0.22395833333333334;9;1;97;0.0;0.22896281800391394;0.4518905526534326
0;0.22916666666666669;2;1;98;0.0;0.277992277992278;0.4518905526534326
0;0.234375;3;1;100;0.0;0.620168067226891;0.4518905526534326
0;0.23958333333333334;8;1;101;0.0;0.5899159663865546;0.4518905526534326
0;0.24479166666666669;9;1;102;0.0;0.3919022154316274;0.4518905526534326
0;0.25;4;1;104;0.0;0.3616071428571429;0.4518905526534326
0;0.25520833333333337;9;1;106;0.0;0.292517006802721;0.4518905526534326
0;0.2604166666666667;8;1;107;0.0;0.5877551020408163;0.4518905526534326
0;0.265625;9;1;108;0.0;0.2483766233766233;0.4518905526534326
0;0.27083333333333337;0;1;110;0.0;0.5026595744680852;0.4518905526534326
0;0.2760416666666667;5;1;49;0.0;0.2949308755760368;0.4518905526534326
0;0.28125;8;1;50;0.0;0.6906729634002362;0.4518905526534326
0;0.296875;0;3;0;0.0;0.6892488954344627;0.5820454110536277
0;0.3072916666666667;0;3;2;0.0;0.6659815005138748;0.8316681962564144
0;0.3229166666666667;0;3;5;0.0;0.5801877875102401;0.06591839303199482
0;0.328125;2;3;8;0.0;0.5883777239709442;0.6289157407107464
0;0.3333333333333333;2;3;9;0.0;0.5949848024316111;0.4020360532696867
0;0.34375;9;3;7;0.0;0.5423155044008126;0.3724133738060509
0;0.359375;1;3;12;0.0;0.6212991576265477;0.5817537008353727
0;0.375;9;3;15;0.0;0.5586605637195856;0.18643362693437948
0;0.390625;9;3;18;0.0;0.42857142857142855;0.2504811182527542
0;0.4114583333333333;9;3;22;0.0;0.6497081958893681;0.6451365136958851
0;0.4375;0;3;27;0.0;0.6085566756823213;0.6963263921120973
0;0.4427083333333333;9;3;30;0.0;0.5314285714285715;0.3980416167244377
0;0.4583333333333333;9;3;11;0.0;0.5882142857142858;0.1627443389808556
0;0.47916666666666663;6;3;34;0.0;0.5879541738332322;0.3311665596672751
0;0.484375;6;3;36;0.0;0.5348408767527957;0.36118386132963953
0;0.5104166666666666;4;3;39;0.0;0.6536796536796539;0.8917121586790193
0;0.5260416666666666;6;3;46;0.0;0.6387386637823446;0.3741224412504796
0;0.5416666666666666;0;3;56;0.0;0.6401801648678508;0.7275901189362558
0;0.546875;9;3;57;0.0;0.2842998585572842;0.8555247738703653
0;0.5572916666666666;0;3;53;0.0;0.6220238095238096;0.6271399680413817
0;0.5677083333333333;7;3;61;0.0;0.5704824976348156;0.3741224412504796
0;0.5729166666666666;0;3;63;0.0;0.4390793094821117;0.993837024265146
0;0.59375;0;3;68;0.0;0.43000000000000016;0.3741224412504796
0;0.5989583333333333;0;3;69;0.0;0.7046703296703298;0.3741224412504796
0;0.6041666666666666;6;3;70;0.0;0.35317460317460336;0.8667131029590942
0;0.6145833333333333;2;3;72;0.0;0.2834322227293474;0.3741224412504796
0;0.6197916666666666;9;3;73;0.0;0.45028571428571434;0.07846812392635033
0;0.6302083333333333;8;3;76;0.0;0.5895900377780889;0.3741224412504796
0;0.640625;0;3;79;0.0;0.13985823336968378;0.3741224412504796
0;0.6458333333333333;9;3;83;0.0;0.29747899159663876;0.3741224412504796
0;0.6510416666666667;8;3;84;0.0;0.7005666567253208;0.3741224412504796
0;0.65625;0;3;85;0.0;0.37586160291931336;0.3741224412504796
0;0.6614583333333333;8;3;87;0.0;0.46947835738068816;0.3741224412504796
0;0.6770833333333333;9;3;96;0.0;0.2392794393064701;0.3741224412504796
0;0.6822916666666667;4;3;99;0.0;0.420779220779221;0.3741224412504796
0;0.6875;8;3;101;0.0;0.666092943201377;0.3741224412504796
0;0.6927083333333333;4;3;103;0.0;0.5068168346176645;0.3741224412504796
0;0.6979166666666667;4;3;104;0.0;0.43361819527622636;0.3741224412504796
0;0.71875;7;3;109;0.0;0.12857142857142867;0.3741224412504796
0;0.7291666666666667;5;3;49;0.0;0.3800043754101948;0.3741224412504796
0;0.734375;8;3;50;0.0;0.4686248331108144;0.3741224412504796
0;0.7395833333333333;1;3;51;0.0;0.5162337662337664;0.3741224412504796
